Text,Type
zgcmnet.net,DOMAIN
portsmouthnhhistoricalbiketours.com,DOMAIN
thejoystickjockeys.com,DOMAIN
bocacopierservice.com,DOMAIN
wondercookers.com,DOMAIN
rockysavage.com,DOMAIN
sixthjnumber.top,DOMAIN
pubeventsfinder.co.uk,DOMAIN
howtochooseafinancialadvisor.org,DOMAIN
digicam.org,DOMAIN
sommerbekleidung.de,DOMAIN
subaru-sachsen.de,DOMAIN
harryhoptoad.com,DOMAIN
grandhotelnatura.nl,DOMAIN
granadaholding.com,DOMAIN
nexus13.co.jp,DOMAIN
acornsf4b.co.uk,DOMAIN
richard-pugh.com,DOMAIN
lackawannalandbank.info,DOMAIN
meimeijiang.com,DOMAIN
dnapoint.com,DOMAIN
egconcreteconstruction.com,DOMAIN
338800.uk,DOMAIN
rebeccashealthcare.com,DOMAIN
combsandcompany.com,DOMAIN
universlavie.org,DOMAIN
hvhv.info,DOMAIN
freetogames.com,DOMAIN
cottageseniorcare.com,DOMAIN
eleaners.nl,DOMAIN
produkyaman.com,DOMAIN
limousineservicehiddenhills.com,DOMAIN
inspectionsbyreferral.com,DOMAIN
steinsiek-elektrotechnik.de,DOMAIN
tapizadosraga.com,DOMAIN
theprestigeauto.com,DOMAIN
brinem.ru,DOMAIN
alznwmimags.com,DOMAIN
sensfragrance.eu,DOMAIN
locksmithalton.com,DOMAIN
pelagosconstruction.com,DOMAIN
ffcu.uk,DOMAIN
061599.xyz,DOMAIN
retailfarma.com,DOMAIN
ecpalaganas.com,DOMAIN
qq-sy.com,DOMAIN
giliislandsdiving.tk,DOMAIN
voleracademy.ca,DOMAIN
hotelacquaverdegenova.info,DOMAIN
wrtqk.com,DOMAIN
getviolent.com,DOMAIN
81886.win,DOMAIN
02680.us,DOMAIN
perditaphillips.nl,DOMAIN
renrenbang.io,DOMAIN
littlemedia.site,DOMAIN
inwardgaze.org,DOMAIN
nomads-cloud.net,DOMAIN
uniglobalone.com,DOMAIN
gjqss.loan,DOMAIN
coldstonemilltown.com,DOMAIN
oyun7.co,DOMAIN
westvirginiaoutdoors.com,DOMAIN
ishopdavie.com,DOMAIN
pulau-tioman.de,DOMAIN
make-your-own.com,DOMAIN
golfblackmoor.com,DOMAIN
farinedinsecte.com,DOMAIN
orovigo.es,DOMAIN
classdelta.com,DOMAIN
prismaplatten.de,DOMAIN
steamwash.fr,DOMAIN
aviland.hu,DOMAIN
uspreadit.net,DOMAIN
aprillash.net,DOMAIN
school.report,DOMAIN
kentuckyrockersbaseball.com,DOMAIN
eq-101.uk,DOMAIN
testedevocacao.com.br,DOMAIN
goodwoodbooking.com,DOMAIN
wolunwogan.org,DOMAIN
thebloomcondo.com,DOMAIN
outdoorlifecoaching.nl,DOMAIN
algonquinmoulding.br,DOMAIN
mervynjonesdrivertraining.co.uk,DOMAIN
manyvids.club,DOMAIN
esasolar.mx,DOMAIN
iniciativa.si,DOMAIN
vendifoodmagazine.net,DOMAIN
urbanshowprep.com,DOMAIN
thegroveatgeorgetown.com,DOMAIN
xn--kibrisuakbileti-kmb.com,DOMAIN
mwautomotive.net,DOMAIN
ocgolfcars.tk,DOMAIN
flashear-consolas.com,DOMAIN
downloadbrnamj.io,DOMAIN
atsm.ir,DOMAIN
395318.xyz,DOMAIN
multicards-gold.com,DOMAIN
fxnetworks.cn,DOMAIN
fluidservice.nl,DOMAIN
bylinda.se,DOMAIN
isar.eu,DOMAIN
nami-hari.com,DOMAIN
neumuehle.ch,DOMAIN
humanesocietymiami.org,DOMAIN
tamara-wakonig.de,DOMAIN
essentialmanskills.com,DOMAIN
settosoiree.com,DOMAIN
sudabeh.com,DOMAIN
pmconstructora.com,DOMAIN
upfollowz.xyz,DOMAIN
onboardwebapp.com,DOMAIN
carebeauty.biz,DOMAIN
topbrass.org,DOMAIN
overlandparkpetdaycare.com,DOMAIN
xlrz0633.com,DOMAIN
zhenggongfang.cn,DOMAIN
plastichollowboard.net,DOMAIN
iphonecare.vn,DOMAIN
balken.eu,DOMAIN
xn--5nq2vl4o5y6b8ub.com,DOMAIN
hirotravel.com,DOMAIN
b4reality.sk,DOMAIN
banquetesadale.com.mx,DOMAIN
incaloja.com,DOMAIN
dooren.net,DOMAIN
xn--gm4a.com,DOMAIN
shengbofa08.com,DOMAIN
applicationcitygrab.com,DOMAIN
leanxtreme.com,DOMAIN
firegift.tk,DOMAIN
flagshipcommercial.uk,DOMAIN
navegaybucea.es,DOMAIN
prepaid-plan.com,DOMAIN
g2log.com,DOMAIN
dengesizkalem.com,DOMAIN
xn--80abhecmlevpfeeajvm5p.xn--p1ai,DOMAIN
forumeng-koriyama.jp,DOMAIN
lfs120.cn,DOMAIN
carriejamrogowicz.com,DOMAIN
isikcatiustasi.com,DOMAIN
cakedepositor.com,DOMAIN
7brg.de,DOMAIN
gfnl.xin,DOMAIN
palmbeachshoulder.net,DOMAIN
news2748e.ru,DOMAIN
wigger.nu,DOMAIN
rosevibe.me.uk,DOMAIN
nutsunion.com,DOMAIN
bmw-richoz.ch,DOMAIN
caiwanzhenn.cn,DOMAIN
sammelzubehoer.de,DOMAIN
theolivebranchpub.net,DOMAIN
yoursalesonsteroids.com,DOMAIN
lnsmw.xyz,DOMAIN
iccvbo.com,DOMAIN
yunshikuang.com,DOMAIN
hattenjack.com,DOMAIN
24hourmacwifi.com,DOMAIN
katmayers.com,DOMAIN
xn--gckgs3czfwdwb2b7kc6483f0oak30cwx0bqw1h.xyz,DOMAIN
100ml.eu,DOMAIN
pbmpdx.com,DOMAIN
factoryoutletspas.nl,DOMAIN
nfld.net,DOMAIN
frioclim.com,DOMAIN
villabrughiera.at,DOMAIN
kouseisha-syuukatu.com,DOMAIN
sequoialistens.com,DOMAIN
tglg.xyz,DOMAIN
r5dhl.pw,DOMAIN
ctqq.org,DOMAIN
evolvesoccertraining.com,DOMAIN
xbnfq.com,DOMAIN
a42177ylc.com,DOMAIN
jiexunzn.eu,DOMAIN
wind-energie.nl,DOMAIN
lapidaries.com.au,DOMAIN
pqfxt.com,DOMAIN
mycitydailydeals.com,DOMAIN
dagroupinc.com,DOMAIN
femag.com.br,DOMAIN
naturburschen.xyz,DOMAIN
ye-jiang.com,DOMAIN
authorseditors.cn,DOMAIN
m-zdorov.ru,DOMAIN
karonbeachresort-spa.com,DOMAIN
accademiaolearia.com,DOMAIN
amhtech.ca,DOMAIN
howtomakemusic.org,DOMAIN
lisarachelle.net,DOMAIN
thetruethem.com,DOMAIN
21stcenturyclothes.com,DOMAIN
hanghaiwang.xyz,DOMAIN
paperpotty.org,DOMAIN
donnaconway.com,DOMAIN
zoomediagroup.com,DOMAIN
lexusteeside.co.uk,DOMAIN
my-usedit.com,DOMAIN
sian-irvine.com,DOMAIN
staysuffolkli.com,DOMAIN
mp3onmyphone.com,DOMAIN
studentjobbet.se,DOMAIN
environmentallyfriendlycleaningproducts.ca,DOMAIN
magictime.ro,DOMAIN
tamzentemple.com.au,DOMAIN
atelier-andrea-daffner.de,DOMAIN
vip-hochzeitsfotografie.com,DOMAIN
dafisapunar.com,DOMAIN
neubauer-touristik.com,DOMAIN
tiptopcars.co.uk,DOMAIN
368833.xyz,DOMAIN
makeyourlookyourown.com,DOMAIN
thelocalbulletin.news,DOMAIN
josemanuelsantiago.com,DOMAIN
comuniazo.de,DOMAIN
riponplazabowl.com,DOMAIN
ourglutenfreeifinder.info,DOMAIN
ftc-japan.co.jp,DOMAIN
jizzbob.trade,DOMAIN
beavertonpick.uk,DOMAIN
hernalser-kulturkreis.at,DOMAIN
blendedlearningcompany.com,DOMAIN
xn--e-ol8a3n88crw4df7ddoy.com,DOMAIN
jordandemocraticparty.info,DOMAIN
restorenaturally.com.au,DOMAIN
joypool.de,DOMAIN
recensiequeens.net,DOMAIN
srisaa.com,DOMAIN
qiyu007.com,DOMAIN
belleplusbeau.com,DOMAIN
thebuyersmart.com,DOMAIN
kimstadlerphotography.com,DOMAIN
locabiotal.br,DOMAIN
theweirs.co.uk,DOMAIN
epcportal.cn,DOMAIN
transportwestmidlands.co.uk,DOMAIN
semanticui.net,DOMAIN
localesenmadrid.com,DOMAIN
outdoor-trends.biz,DOMAIN
sommerloch-bs.de,DOMAIN
jikecps.com,DOMAIN
392291.wang,DOMAIN
kal-tech.pl,DOMAIN
myjorg.com,DOMAIN
bompi.info,DOMAIN
folhadenoticias.com.br,DOMAIN
guests.eu,DOMAIN
csblstar.com,DOMAIN
simbrella.info,DOMAIN
hljzzhzls.com,DOMAIN
artfestpaltinis.ro,DOMAIN
googleadsensepackage.tk,DOMAIN
iridescentmedia.info,DOMAIN
puurfysio.nl,DOMAIN
highfrequencywordlist.com,DOMAIN
massage-shiatsu-metz.com,DOMAIN
lackblech.de,DOMAIN
sportotobet54.com,DOMAIN
bet365365tiyutouzhu.date,DOMAIN
mrh4op9olm46m.club,DOMAIN
airrobics.com,DOMAIN
winterjassenheren.nl,DOMAIN
werrolling.com,DOMAIN
dolphinbuilding.net,DOMAIN
naiahealingarts.com,DOMAIN
phantomtek.info,DOMAIN
lancia-groupaparts.com,DOMAIN
construcaoereforma-areni.com.br,DOMAIN
betaplastic.eu,DOMAIN
toxypharm.info,DOMAIN
cubadvisor.biz,DOMAIN
jiuzhouyl.com,DOMAIN
fndwhat.us,DOMAIN
smartgreeninvestments.com,DOMAIN
shefindsit.tk,DOMAIN
6047my.cn,DOMAIN
concrete-gmbh.com,DOMAIN
pautoo.info,DOMAIN
refletindodeus.net,DOMAIN
monmedecintraitant.com,DOMAIN
theandalusian.com.au,DOMAIN
pj9xx.date,DOMAIN
2qtfruit.com,DOMAIN
tanie-spanie.eu,DOMAIN
788398.com,DOMAIN
thescienceofhealth.com,DOMAIN
patrickblake.co.uk,DOMAIN
riversidepark.at,DOMAIN
noobits.com,DOMAIN
nlymirvinenorth.org,DOMAIN
webuy4sale.com,DOMAIN
stockwars.us,DOMAIN
ubuyer.co.uk,DOMAIN
sipstahoecity.com,DOMAIN
clinger.nl,DOMAIN
yourbusinesslawyer.ca,DOMAIN
vinsdusud.com,DOMAIN
238897.win,DOMAIN
vns365r.net,DOMAIN
gogear.co,DOMAIN
luftikuss.net,DOMAIN
ezdipper.com,DOMAIN
epitmeny.hu,DOMAIN
mahtomedigardenclub.org,DOMAIN
weddingplanningbookreview.com,DOMAIN
kurzypromanazery.cz,DOMAIN
michaelrhys.com,DOMAIN
tradocs.net,DOMAIN
broadimpacts.com,DOMAIN
ihara-en.com,DOMAIN
youmakeadifferance.tk,DOMAIN
elycursillo.co.uk,DOMAIN
paisanoscasas.com,DOMAIN
252fanates.co.com,DOMAIN
188158.org,DOMAIN
cthomeloans.net,DOMAIN
babejoeyestatesales.com,DOMAIN
vehicleinsurancepolicy.com,DOMAIN
tipsupcafeellicottville.com,DOMAIN
rkqr.win,DOMAIN
217025.xyz,DOMAIN
bestchildproofingproducts.com,DOMAIN
ampexcavation.com,DOMAIN
szxrz.com,DOMAIN
teahost.com,DOMAIN
turkiyasla.com,DOMAIN
festivaltours.co.uk,DOMAIN
41747c6op.biz,DOMAIN
xn--cafe-9r9g413df2i3i1b1fo2gmitn.xyz,DOMAIN
redzspeedshop.com,DOMAIN
winconstruction.us,DOMAIN
googleplayforum.net,DOMAIN
luxvideos.co,DOMAIN
getblastxl.com,DOMAIN
vitoindustry.com,DOMAIN
jewishcreativity.net,DOMAIN
cnc-music.net,DOMAIN
zgjlcd.com,DOMAIN
goldenstorage.com.br,DOMAIN
chunichi-para.jp,DOMAIN
imbuedproductions.com,DOMAIN
kumarinet.cn,DOMAIN
kass.com,DOMAIN
seventyeightyninety.com,DOMAIN
rumju.bid,DOMAIN
cberner.com,DOMAIN
snshr.com,DOMAIN
rongyishou.loan,DOMAIN
xn----8sbalhasbh9ahbi6a2ae.xn--p1acf,DOMAIN
rabbitebook.com,DOMAIN
cottagestay.co.uk,DOMAIN
tribratanewstasikmalaya.com,DOMAIN
bianzhao.com,DOMAIN
nattynames.com,DOMAIN
cnqf.ren,DOMAIN
73573.vip,DOMAIN
boutiqueluxxa.tk,DOMAIN
zdesign.com.au,DOMAIN
craigbullockagency.com,DOMAIN
fortressa.com,DOMAIN
schlosspark-unterleinleiter.de,DOMAIN
sfkfn.com,DOMAIN
versionna.com,DOMAIN
solarempire.tours,DOMAIN
problemfreebri.de.com,DOMAIN
kmrgjx.com,DOMAIN
deine-frage.com,DOMAIN
chocobin.com,DOMAIN
vashremont.club,DOMAIN
cinemas.sexy,DOMAIN
watnapp.nl,DOMAIN
cosmonavtica.spb.ru,DOMAIN
w1001.ru,DOMAIN
sunnah-marriage.com,DOMAIN
jenniferrydindesigns.com,DOMAIN
arabic-markets.com,DOMAIN
top-rank.com.cn,DOMAIN
hydroprintingequipment.com,DOMAIN
realestatewithbasilia.com,DOMAIN
erfolgsag.eu,DOMAIN
compakpkg.com,DOMAIN
verifairmail.com,DOMAIN
ykeq.wang,DOMAIN
understandingcars.com,DOMAIN
985078.xyz,DOMAIN
thecopenhagenoffice.dk,DOMAIN
entrepreneursatlaw.com,DOMAIN
dbm.company,DOMAIN
copefarmswildlifepreserve.eu,DOMAIN
bfxk.com,DOMAIN
tutordaniel.com,DOMAIN
middelman.com,DOMAIN
saatchi.mobi,DOMAIN
executive-information-services.de,DOMAIN
kotydomowe.nl,DOMAIN
clickerbook.com,DOMAIN
datasnap.de,DOMAIN
gorodsamara.org,DOMAIN
hokkura.jp,DOMAIN
horfergroup.com,DOMAIN
firstnationspri.de.com,DOMAIN
app-collector.tk,DOMAIN
jolinee-design.com,DOMAIN
nailswithlove.cz,DOMAIN
jenmarie-photography.com,DOMAIN
artists-plus.net,DOMAIN
impresapulizielaperla.info,DOMAIN
firewoodnewyorkposters.store,DOMAIN
hnk007.com,DOMAIN
tatnewsthai.org,DOMAIN
uredfund.org,DOMAIN
bronwealth.biz,DOMAIN
tcpcs.com,DOMAIN
m9438.cn,DOMAIN
carpet-shop-barnsley.co.uk,DOMAIN
rainboway.com,DOMAIN
pepcontractslimited.co.uk,DOMAIN
motorgp.org,DOMAIN
wrain.cn,DOMAIN
nestinterior.no,DOMAIN
amicook.co.kr,DOMAIN
germenosboutique.com,DOMAIN
cme-es.com,DOMAIN
psyvise.com,DOMAIN
breakingbreadct.com,DOMAIN
difimmo.de,DOMAIN
originshypnosis.com,DOMAIN
bigzhi.ro.com,DOMAIN
htwjf.com,DOMAIN
justcreate.xyz,DOMAIN
djdnf.com,DOMAIN
jcomputerpro.net,DOMAIN
jenniferscleaningdfw.com,DOMAIN
jtxy.xyz,DOMAIN
capitalforconstruction.net,DOMAIN
coracommealamaison.fr,DOMAIN
mngtf.pw,DOMAIN
ahiru.asia,DOMAIN
asianmigrantcentre.org,DOMAIN
norwegiansearch.com,DOMAIN
blackhillsflavoredhoney.net,DOMAIN
alhakeema.com,DOMAIN
fullcirclephilanthropy.mobi,DOMAIN
trendsettersdental.net,DOMAIN
gorillabar.nl,DOMAIN
reddeervillarvranch.com,DOMAIN
creativeoptics.com.mx,DOMAIN
questioned.co.uk,DOMAIN
200r.ru,DOMAIN
greenvillevideogameparties.com,DOMAIN
0ri7.loan,DOMAIN
47607.org,DOMAIN
vinylletteringequipment.uk,DOMAIN
yemajiaoyi.com,DOMAIN
sechzigplus.net,DOMAIN
hilltopcorp.tk,DOMAIN
turktedarikportali.com,DOMAIN
lcp.lu,DOMAIN
iopnewportbeach.com,DOMAIN
xwhl.com,DOMAIN
greekarts.com,DOMAIN
dehoogvliegers.nl,DOMAIN
whtvh.com,DOMAIN
norreurope.com,DOMAIN
theideacure.com,DOMAIN
findgaragesale.info,DOMAIN
itietogo.org,DOMAIN
yucelyagizoglu.ca,DOMAIN
movesos.eu,DOMAIN
ankern.at,DOMAIN
stmconfo.com,DOMAIN
elizaandethan.com,DOMAIN
resolvenet.com,DOMAIN
dndy.net.cn,DOMAIN
globaltopspeakers.com,DOMAIN
ukmp3song.com,DOMAIN
icinga-konferenz.de,DOMAIN
excellent-wisdom-to-ownpushingforth.info,DOMAIN
glazer.com.tr,DOMAIN
csgomaster.com,DOMAIN
jbchemconsulting.com,DOMAIN
bestconcealedcarrypursestore.com,DOMAIN
military-medical-cases.com,DOMAIN
percayakah.com,DOMAIN
ormycjmncs.top,DOMAIN
xn--l-jeuqci9dtoo57sg68a.xyz,DOMAIN
telefonsex-thai-girls.de,DOMAIN
jeweleryindia.com,DOMAIN
homcaresf.uk,DOMAIN
diaryofa50yearoldculinarystudent.com,DOMAIN
novanova.co.kr,DOMAIN
locksmith-phoenix.com,DOMAIN
perfectplus.co.il,DOMAIN
chlopcyzplacubroni.pl,DOMAIN
statsprofessor.com,DOMAIN
unitedengineeringworks.com,DOMAIN
rankitlocalseo.info,DOMAIN
micro-contact.com,DOMAIN
herekittykitty.biz,DOMAIN
newyorksneaker.com,DOMAIN
dvnz.site,DOMAIN
montbarc.net,DOMAIN
intelwizard.com,DOMAIN
nick-beim.net,DOMAIN
oldetowneproperties.com,DOMAIN
lohmar-zahnarzt.center,DOMAIN
dienstleistungsmarketing-blog.de,DOMAIN
clq.space,DOMAIN
chirobiomechanics.com,DOMAIN
cumoa.net,DOMAIN
jersey-boys-theatre-breaks.com,DOMAIN
youlabpay.com,DOMAIN
ibjs.org,DOMAIN
victoriaparivar.org,DOMAIN
liesbethkradolfer.nl,DOMAIN
mainecoonadoptions.nl,DOMAIN
francobocchi.it,DOMAIN
yzgslvshi.com,DOMAIN
deouderemedewerker.nl,DOMAIN
leasexpertz.com,DOMAIN
filmplakat.de,DOMAIN
jabberwiki.org,DOMAIN
821639.win,DOMAIN
ians.es,DOMAIN
adriennefashions1.com,DOMAIN
sadistic-bdsm.com,DOMAIN
consumidor.gob.mx,DOMAIN
cintronlaw.com,DOMAIN
666bmw.net.cn,DOMAIN
wuqz18.co.cc,DOMAIN
newguyattheoffice.com,DOMAIN
personalprofil.eu,DOMAIN
sementibiologiche.eu,DOMAIN
gemeinschaft50plus.de,DOMAIN
mykasmischief.com,DOMAIN
activityphoto.com,DOMAIN
ringtonehell.co.uk,DOMAIN
orsay.sex,DOMAIN
faulknerinsurance.uk,DOMAIN
niibori-school.com,DOMAIN
cleaningwithrobots.com,DOMAIN
reuszc.top,DOMAIN
wuehr.de,DOMAIN
svgbychristysingvong.com,DOMAIN
studiawniemczech.org,DOMAIN
pedalboat.xyz,DOMAIN
xiazai18.com,DOMAIN
clintandkristie.com,DOMAIN
jibuei.loan,DOMAIN
322356.net,DOMAIN
barewoodhouse-hub.com,DOMAIN
pianofortefest.de,DOMAIN
kpwhz.top,DOMAIN
metodomerenda.com,DOMAIN
carybeene.com,DOMAIN
paindrug.com,DOMAIN
handy-faq.de,DOMAIN
amercando-inter.net,DOMAIN
4455760.io,DOMAIN
aaronaylor.com,DOMAIN
ozzie-slang.com,DOMAIN
511330.top,DOMAIN
qjzx.net.cn,DOMAIN
fumatrade.com,DOMAIN
xn--m8t99i3p0a9sb.com,DOMAIN
springshair.com,DOMAIN
trustcontent.info,DOMAIN
www618kj.com,DOMAIN
fussstapfen.de,DOMAIN
aerogse.com,DOMAIN
guiapublicitaria.com,DOMAIN
bt57.cn,DOMAIN
inexcell.tk,DOMAIN
hans-huss.de,DOMAIN
abuzaad.co.uk,DOMAIN
lunchpurses.com,DOMAIN
cpaproxchange.com,DOMAIN
bglabelsandtees.com,DOMAIN
buypositivebeverage.com,DOMAIN
gaminghospitalityexecjobs.com,DOMAIN
dlr.help,DOMAIN
alvimo.in,DOMAIN
alexishatch.org,DOMAIN
louiscorte.fr,DOMAIN
china-floor.com.cn,DOMAIN
le-lion-lille.com,DOMAIN
bctus.us,DOMAIN
clickhype.eu,DOMAIN
style-consulting.com,DOMAIN
co-opbase.co.uk,DOMAIN
mytriplezero.com,DOMAIN
anzhui.com,DOMAIN
pareduc.com,DOMAIN
communitylaw.net,DOMAIN
geshite.pw,DOMAIN
aacgb.cn,DOMAIN
oblonczek.net,DOMAIN
cloudyla.com,DOMAIN
wvgrains.net,DOMAIN
detcanvas.com,DOMAIN
defence-offense.net,DOMAIN
lindale.co.nz,DOMAIN
myphone.amsterdam,DOMAIN
bezry.loan,DOMAIN
spartansgxa.us.com,DOMAIN
ars101.net,DOMAIN
probierzaehne.de,DOMAIN
learnqol.com,DOMAIN
z3upb0ht0uvxn2r0.com,DOMAIN
sheqie.com,DOMAIN
hippierunner.ca,DOMAIN
pisgahtrails.com,DOMAIN
moukaruweb.net,DOMAIN
ourfatherschurchonline.com,DOMAIN
homeinumbria.com,DOMAIN
aboudantrading.com,DOMAIN
watotochurch.net,DOMAIN
dumptruckinjurylawyer.com,DOMAIN
mentorpress.org,DOMAIN
dna1010.com,DOMAIN
auction-gears.com,DOMAIN
deafchurchvlogs.com,DOMAIN
32-34churchstreet.com,DOMAIN
fabulous-wisdomtokeepdriving-forth.info,DOMAIN
gatorlapelpins.com,DOMAIN
camar66.com,DOMAIN
barkadiadogs.com,DOMAIN
sallyrosestudio.uk,DOMAIN
crotononhudson.xyz,DOMAIN
auto-online-ads.com,DOMAIN
avatec.nl,DOMAIN
aigent.eu,DOMAIN
recyclixusa.org,DOMAIN
ianhandelrealtor.com,DOMAIN
321696.top,DOMAIN
xn--80ambce5a2h.xn--p1ai,DOMAIN
landhaus-lichius.de,DOMAIN
untang.nl,DOMAIN
aosiniao.net,DOMAIN
husabi.com,DOMAIN
space-craft.eu,DOMAIN
uppercanadasoaps.com,DOMAIN
secondsensecreative.com,DOMAIN
rongtouke.com,DOMAIN
kallilloop.com,DOMAIN
grupoverde.com,DOMAIN
szmhtech.uk,DOMAIN
towerviewstables.com,DOMAIN
mtveteransmemorial.org,DOMAIN
martispalace.com,DOMAIN
zhainanys1.com,DOMAIN
railsafety.mobi,DOMAIN
yannsun.info,DOMAIN
delagglo.ca,DOMAIN
playmakers.info,DOMAIN
tawatza.ws,DOMAIN
lmasistent.cz,DOMAIN
rentcoeasy.com,DOMAIN
uniteamericagroup.com,DOMAIN
2zb.red,DOMAIN
crickhowelltaxis.com,DOMAIN
tsksw.com.cn,DOMAIN
bkj.one,DOMAIN
garni-matha.com,DOMAIN
michiganautoattorney.info,DOMAIN
dhrale.com,DOMAIN
lawsuitcashloans.com,DOMAIN
drewstrums.eu,DOMAIN
rimrockshoppingcenter.com,DOMAIN
drycuteducation.com,DOMAIN
beautifulhlthyu.com,DOMAIN
burgaschess.tk,DOMAIN
zahnarztpraxis-aarau.ch,DOMAIN
barbacoarestaurant.cl,DOMAIN
testbetadotmar3.org,DOMAIN
aslanemlak.net,DOMAIN
certifications.pl,DOMAIN
smxtb.com,DOMAIN
dogsgalore.com,DOMAIN
go.com.uy,DOMAIN
pad3000.com,DOMAIN
discec2a1stalbansremote.co.uk,DOMAIN
bigredn.com,DOMAIN
skeldonserver.com,DOMAIN
rieltor23.ru,DOMAIN
photosbydebario.com,DOMAIN
tim-payne.com,DOMAIN
e6ks.net,DOMAIN
my-tv.top,DOMAIN
vilena-shop.ru,DOMAIN
audreymariesportfolio.com,DOMAIN
longevityremedies.com,DOMAIN
enterprisegenetics.com,DOMAIN
diywindowcleaning.com,DOMAIN
autism-day-ofmourning.com,DOMAIN
novemberscientific.net,DOMAIN
healthywaysforlife.com,DOMAIN
marusantec.com,DOMAIN
dlp-expert.ru,DOMAIN
duanehatch.com,DOMAIN
medaprime.miami,DOMAIN
theushuaiamagazine.info,DOMAIN
xcloosiv.com,DOMAIN
schneiderlogistics.mobi,DOMAIN
xn--80aaarakzeli0b7m.xn--p1ai,DOMAIN
katrinapeluso.com,DOMAIN
paullandacre.com,DOMAIN
huskyforum.com,DOMAIN
buydestination.com,DOMAIN
hiejia.com,DOMAIN
thebigham.com,DOMAIN
sor.rocks,DOMAIN
sydsyummystuff.tk,DOMAIN
00497119110.com,DOMAIN
sebastianrocco.com,DOMAIN
kampfrechnen.de,DOMAIN
va26.asia,DOMAIN
netcomtechnologies.co,DOMAIN
tomphillipsprints.com,DOMAIN
nealandleandra.com,DOMAIN
monteriaradio38grados.co.uk,DOMAIN
bbcharts.de,DOMAIN
dunawaylg.com,DOMAIN
artandupcycle.us,DOMAIN
santamanzanacider.com,DOMAIN
northpugetsoundliving.eu,DOMAIN
mcdermotts.org,DOMAIN
alexbarclayconsultancy.org,DOMAIN
sebastianmoldovan.ro,DOMAIN
57001.biz,DOMAIN
hubhello.co.uk,DOMAIN
supermaxfilters.tk,DOMAIN
takeagoodlook.us,DOMAIN
bjszsj.nl,DOMAIN
celloawards.org,DOMAIN
nonsoloprofumi.com,DOMAIN
18519.bid,DOMAIN
whiteplainscity.tk,DOMAIN
ericbara.de.com,DOMAIN
auctionsauctions.com,DOMAIN
urideaccess.com,DOMAIN
pessrl.co.uk,DOMAIN
kpbnm.com,DOMAIN
rohel.fr,DOMAIN
homeartisanexpo.uk,DOMAIN
defaq.nl,DOMAIN
chattanoogatherapist.com,DOMAIN
kmrxlt.com,DOMAIN
likediscoverlevel.tech,DOMAIN
zaghawa.net,DOMAIN
theeeg.com,DOMAIN
zacharyhafner.com,DOMAIN
iacconference.com,DOMAIN
saozui.cn,DOMAIN
unlimitedautomotivegroup.com,DOMAIN
comitis.ch,DOMAIN
completelyloaded.com,DOMAIN
thepierianspring.info,DOMAIN
gamecorner.se,DOMAIN
solsvikdesign.io,DOMAIN
provencespavillas.com,DOMAIN
carmen-and-joseph.com,DOMAIN
vsqared.rocks,DOMAIN
idcloner.com,DOMAIN
nu-spirit.tk,DOMAIN
kungdesign.se,DOMAIN
harmanit.co.uk,DOMAIN
hk-lift.com,DOMAIN
bigwaveevents.com,DOMAIN
jennee.net,DOMAIN
allinsonlaw.eu,DOMAIN
samsplacebooks.com,DOMAIN
adelebijoumusicgroupinc.co,DOMAIN
bloodofjesuscalvarychurch.org,DOMAIN
lauraminerphotography.com,DOMAIN
thewpdemo.eu,DOMAIN
paulhobbsimports.eu,DOMAIN
cheapuni.com,DOMAIN
f-time.ru,DOMAIN
ivytoyou.com,DOMAIN
nowsignsoftware.com,DOMAIN
j402.cc,DOMAIN
kitanomori.party,DOMAIN
nashvillecharityball.com,DOMAIN
gbbyy.loan,DOMAIN
iamnubian347.com,DOMAIN
xn--j7q621fe8e300a.com,DOMAIN
gottalovesydney.com,DOMAIN
safari-vo.fr,DOMAIN
comillacitybd.eu,DOMAIN
turquoisehealing.center,DOMAIN
flipmyspace.com,DOMAIN
ttkxc.top,DOMAIN
flowersyogurt.com,DOMAIN
mairalanda.com,DOMAIN
sms-call.ru,DOMAIN
yszsz.trade,DOMAIN
acimadetudooamor.com.br,DOMAIN
buffalocpr.info,DOMAIN
shalletandcrowe.nl,DOMAIN
mediacarrier.net,DOMAIN
indo-board.se,DOMAIN
ltcq185.com,DOMAIN
videosurveillanceexpert.com,DOMAIN
marcles.com,DOMAIN
hicogroup.ru,DOMAIN
purity-co.io,DOMAIN
trsgo.org,DOMAIN
memphistour2015.com,DOMAIN
the-waits.net,DOMAIN
gothenburgnow.mobi,DOMAIN
networkingproviders.uk,DOMAIN
spotifyrsp.com,DOMAIN
bper-gruppo.eu,DOMAIN
cinemovil.es,DOMAIN
awefulthoughts.com,DOMAIN
vanfreeordie.com,DOMAIN
photodventure.com,DOMAIN
lecon.ru,DOMAIN
esamidelsanguemilano.com,DOMAIN
stickycuts.tk,DOMAIN
alohapoint.com,DOMAIN
ljungars.com,DOMAIN
hartlineintl.net,DOMAIN
onlinejobsphils.com,DOMAIN
aec-feedback.com,DOMAIN
bestinwealth.com,DOMAIN
southcarolinatranscription.com,DOMAIN
seraphimworks.com,DOMAIN
centbev.io,DOMAIN
naturalhazards.com.au,DOMAIN
saaeqbit.top,DOMAIN
scibek.xyz,DOMAIN
aminabaobab.com,DOMAIN
accordoomologato.com,DOMAIN
gamestation.com.hk,DOMAIN
sex-regional.com,DOMAIN
urbanicasuites.com.ar,DOMAIN
yespleasepublishing.com,DOMAIN
actcarwashpros.eu,DOMAIN
tsa.taipei,DOMAIN
rideaustralia.biz,DOMAIN
indiabetestab.com,DOMAIN
7oa.co.com,DOMAIN
printfa.com,DOMAIN
drbrucegeorge.nl,DOMAIN
bco-cpa.info,DOMAIN
chriscompton.com,DOMAIN
legionx.de,DOMAIN
taraproject.com,DOMAIN
v5gege.io,DOMAIN
ksrrealestate.com,DOMAIN
virelectronica.com,DOMAIN
cvasrl.com,DOMAIN
villagecard.com,DOMAIN
premiercleaningservices.org,DOMAIN
wwwtherifleman.net,DOMAIN
icacfoundation.org,DOMAIN
risaman.com,DOMAIN
xn--oy2b17n64devmca836a.com,DOMAIN
beeldfestival.nl,DOMAIN
xwtiz.site,DOMAIN
czterykomputery.pl,DOMAIN
liveatcampussquareapartments.com,DOMAIN
almullagroup.cn,DOMAIN
eftwelve.nl,DOMAIN
bausoptic.com,DOMAIN
carladaviddesign.co,DOMAIN
e-andex.com,DOMAIN
whiskyclubbrabant.nl,DOMAIN
samsungs.com,DOMAIN
mynbs.xyz,DOMAIN
solpropertiesnicaragua.com,DOMAIN
guiapp.cn,DOMAIN
businessesofmarysville.com,DOMAIN
alliedphysiotherapy.com,DOMAIN
cloughsofnantwich.com,DOMAIN
qddvdcase.com,DOMAIN
gaestehaus-rosendahl.de,DOMAIN
luxurytravelcartagena.com,DOMAIN
suparks.de,DOMAIN
kastubanatal.com,DOMAIN
0777603.xyz,DOMAIN
gmtlq.com,DOMAIN
leamington-baptist.org.uk,DOMAIN
papershredding.london,DOMAIN
alexebarbie.io,DOMAIN
asiriabo.com,DOMAIN
nuristarducks.com,DOMAIN
kitchenaider.com,DOMAIN
mfp-transnational.tk,DOMAIN
smithjobs-11.com,DOMAIN
mygolddollars.com,DOMAIN
mynsicds.top,DOMAIN
i-need-a-spindle.com,DOMAIN
brenet.gmbh,DOMAIN
kjero.info,DOMAIN
raymondconstruction.com,DOMAIN
bajuwarium.com,DOMAIN
saucysext.com,DOMAIN
geyusi.cn,DOMAIN
addtelepro.com,DOMAIN
elec-trio.de,DOMAIN
lewenstein.pl,DOMAIN
alwaysforward.today,DOMAIN
wuxinprint.tk,DOMAIN
jackfoundation.com,DOMAIN
xy-yandex.ru,DOMAIN
wadgetwi.de.com,DOMAIN
market4loan.com,DOMAIN
framelessglassca.com,DOMAIN
vectorcafe.com,DOMAIN
jimmyschwenphoto.com,DOMAIN
huracanfc.mx,DOMAIN
jingantemple.com,DOMAIN
silvestrin.info,DOMAIN
st-peter-muelheim-kaerlich.de,DOMAIN
rgflw.top,DOMAIN
picatu133.com,DOMAIN
munk-it.dk,DOMAIN
virtuallearningebooks.com,DOMAIN
solerys.eu,DOMAIN
markusspillner.de,DOMAIN
flowerleafstudio.com,DOMAIN
iversenmotor.com,DOMAIN
xn--geschftszeit-kcb.com,DOMAIN
internationalassociationforlifestylebalance.org,DOMAIN
jenesaisquoifaces.com,DOMAIN
artofnaples.ca,DOMAIN
affinitydocumentsolutions.com,DOMAIN
thefuturescience.com,DOMAIN
disneyaulani.com.cn,DOMAIN
ptxydqz.com,DOMAIN
firmaplus.cz,DOMAIN
big.discount,DOMAIN
f-track.jp,DOMAIN
rehabilitaciondefachadasbilbao.es,DOMAIN
goldencoins.co,DOMAIN
kukurihime.com,DOMAIN
lecorbusier22.info,DOMAIN
kornferry.dk,DOMAIN
8300regisway.com,DOMAIN
familiereimann.com,DOMAIN
schoolofsong.ca,DOMAIN
eyeplastic.net,DOMAIN
valleyviewohautorepairshop.com,DOMAIN
kidzworld4u.com,DOMAIN
marsraleigh.com,DOMAIN
cincirr.com,DOMAIN
power4laptops.org,DOMAIN
smartmessaging.eu,DOMAIN
iee2.com,DOMAIN
fastuniforms.com,DOMAIN
winfield.jobs,DOMAIN
financialbrokeragejobs.com,DOMAIN
katido.de,DOMAIN
dueneburg.de,DOMAIN
aaharkuteer.com,DOMAIN
xn--u9j729hh7er5kypo1uf7pdb6c680e.com,DOMAIN
shauntrim.net,DOMAIN
lalav.cn,DOMAIN
airportdataexplorer.com,DOMAIN
mslaytonbenton.com,DOMAIN
pirjettabrander.com,DOMAIN
hongbofe.xyz,DOMAIN
eiusfhg.com,DOMAIN
henglexiang.cn,DOMAIN
jinzhongshi.eu,DOMAIN
hypheric.net,DOMAIN
renedesign.com,DOMAIN
desrulez.net,DOMAIN
clerkbrock.com,DOMAIN
e91fa319.uk,DOMAIN
biklo.uk,DOMAIN
bhatiamobile.com,DOMAIN
vaylit.ru,DOMAIN
tom-tylor.de,DOMAIN
joyou-shop.com,DOMAIN
rentpayment.io,DOMAIN
bscapply.cn,DOMAIN
clubfusionz.com,DOMAIN
classroombulletproof.com,DOMAIN
scottzonemedia.eu,DOMAIN
chriskoble.me,DOMAIN
stoneandwoodfurniture.com.au,DOMAIN
easyalibi.com,DOMAIN
razororb.com,DOMAIN
margarita-zavala.org,DOMAIN
vhfclub.org,DOMAIN
forevents.ch,DOMAIN
northwestautomation.net,DOMAIN
partitiondesigner.com,DOMAIN
ctcf-inc.com,DOMAIN
emedicalsupplier.com,DOMAIN
cajamarcatravel.com,DOMAIN
houstonprobatelawyers.biz,DOMAIN
rupak@hotmail.com,EMAIL
temmink@verizon.net,EMAIL
mgreen@icloud.com,EMAIL
stecoop@icloud.com,EMAIL
tubajon@optonline.net,EMAIL
elflord@sbcglobal.net,EMAIL
gknauss@live.com,EMAIL
srour@icloud.com,EMAIL
crowl@msn.com,EMAIL
philen@att.net,EMAIL
rsmartin@mac.com,EMAIL
timlinux@me.com,EMAIL
killmenow@icloud.com,EMAIL
bartak@optonline.net,EMAIL
chrwin@verizon.net,EMAIL
njpayne@mac.com,EMAIL
timtroyr@optonline.net,EMAIL
wiseb@att.net,EMAIL
msroth@verizon.net,EMAIL
grady@yahoo.ca,EMAIL
paulv@sbcglobal.net,EMAIL
godeke@yahoo.ca,EMAIL
paley@live.com,EMAIL
roesch@optonline.net,EMAIL
jespley@sbcglobal.net,EMAIL
mstrout@mac.com,EMAIL
cmdrgravy@icloud.com,EMAIL
draper@att.net,EMAIL
munge@aol.com,EMAIL
rattenbt@gmail.com,EMAIL
claypool@live.com,EMAIL
draper@live.com,EMAIL
amimojo@aol.com,EMAIL
moxfulder@att.net,EMAIL
aardo@mac.com,EMAIL
mthurn@mac.com,EMAIL
eabrown@msn.com,EMAIL
boein@live.com,EMAIL
epeeist@optonline.net,EMAIL
pereinar@outlook.com,EMAIL
lamky@att.net,EMAIL
andrei@yahoo.ca,EMAIL
mbrown@icloud.com,EMAIL
terjesa@gmail.com,EMAIL
johnbob@yahoo.ca,EMAIL
goldberg@hotmail.com,EMAIL
bonmots@live.com,EMAIL
dburrows@hotmail.com,EMAIL
cgarcia@hotmail.com,EMAIL
metzzo@sbcglobal.net,EMAIL
hikoza@comcast.net,EMAIL
iamcal@yahoo.ca,EMAIL
falcao@outlook.com,EMAIL
alfred@mac.com,EMAIL
smcnabb@verizon.net,EMAIL
dleconte@me.com,EMAIL
mmccool@yahoo.ca,EMAIL
skythe@yahoo.ca,EMAIL
malin@gmail.com,EMAIL
hmbrand@aol.com,EMAIL
jemarch@yahoo.com,EMAIL
danneng@att.net,EMAIL
jimxugle@icloud.com,EMAIL
formis@verizon.net,EMAIL
floxy@outlook.com,EMAIL
graham@yahoo.ca,EMAIL
jbryan@att.net,EMAIL
empathy@yahoo.com,EMAIL
howler@msn.com,EMAIL
munge@gmail.com,EMAIL
delpino@att.net,EMAIL
dwheeler@aol.com,EMAIL
dmouse@mac.com,EMAIL
staffelb@verizon.net,EMAIL
saridder@hotmail.com,EMAIL
seebs@me.com,EMAIL
malin@sbcglobal.net,EMAIL
scottzed@optonline.net,EMAIL
duchamp@comcast.net,EMAIL
hikoza@att.net,EMAIL
lstein@comcast.net,EMAIL
geekoid@att.net,EMAIL
malin@att.net,EMAIL
library@optonline.net,EMAIL
linuxhack@hotmail.com,EMAIL
wetter@optonline.net,EMAIL
bulletin@sbcglobal.net,EMAIL
jmorris@att.net,EMAIL
rgiersig@outlook.com,EMAIL
sblack@yahoo.com,EMAIL
mschwartz@hotmail.com,EMAIL
lushe@me.com,EMAIL
nweaver@yahoo.com,EMAIL
andersbr@att.net,EMAIL
skoch@sbcglobal.net,EMAIL
jnolan@live.com,EMAIL
burniske@att.net,EMAIL
jemarch@yahoo.ca,EMAIL
cvrcek@live.com,EMAIL
pkplex@gmail.com,EMAIL
harryh@live.com,EMAIL
jbuchana@me.com,EMAIL
ryanvm@comcast.net,EMAIL
wkrebs@icloud.com,EMAIL
andrei@yahoo.com,EMAIL
jespley@msn.com,EMAIL
sartak@yahoo.ca,EMAIL
zavadsky@outlook.com,EMAIL
citizenl@outlook.com,EMAIL
valdez@att.net,EMAIL
ribet@icloud.com,EMAIL
cgreuter@outlook.com,EMAIL
krueger@yahoo.ca,EMAIL
mglee@icloud.com,EMAIL
arathi@me.com,EMAIL
mcrawfor@optonline.net,EMAIL
moinefou@sbcglobal.net,EMAIL
jdray@comcast.net,EMAIL
rsmartin@mac.com,EMAIL
godeke@msn.com,EMAIL
telbij@comcast.net,EMAIL
wonderkid@yahoo.com,EMAIL
moxfulder@mac.com,EMAIL
slaff@outlook.com,EMAIL
bruck@yahoo.com,EMAIL
payned@yahoo.com,EMAIL
ngedmond@gmail.com,EMAIL
tromey@hotmail.com,EMAIL
hager@msn.com,EMAIL
granboul@aol.com,EMAIL
burns@att.net,EMAIL
okroeger@aol.com,EMAIL
reziac@live.com,EMAIL
bdbrown@comcast.net,EMAIL
gilmoure@comcast.net,EMAIL
camenisch@yahoo.com,EMAIL
tmaek@msn.com,EMAIL
ovprit@optonline.net,EMAIL
adillon@msn.com,EMAIL
mjewell@yahoo.com,EMAIL
aschmitz@verizon.net,EMAIL
kawasaki@outlook.com,EMAIL
godeke@att.net,EMAIL
skythe@outlook.com,EMAIL
firstpr@hotmail.com,EMAIL
drhyde@mac.com,EMAIL
grothoff@live.com,EMAIL
pemungkah@msn.com,EMAIL
markjugg@aol.com,EMAIL
jipsen@live.com,EMAIL
mrobshaw@att.net,EMAIL
schumer@mac.com,EMAIL
jbuchana@optonline.net,EMAIL
ccohen@comcast.net,EMAIL
sabren@hotmail.com,EMAIL
skythe@sbcglobal.net,EMAIL
demmel@optonline.net,EMAIL
dalamb@me.com,EMAIL
ianbuck@mac.com,EMAIL
thowell@comcast.net,EMAIL
gregh@hotmail.com,EMAIL
zeitlin@icloud.com,EMAIL
tbusch@hotmail.com,EMAIL
drezet@sbcglobal.net,EMAIL
keiji@yahoo.com,EMAIL
engelen@yahoo.com,EMAIL
salesgeek@hotmail.com,EMAIL
report@outlook.com,EMAIL
lcheng@yahoo.ca,EMAIL
josephw@att.net,EMAIL
natepuri@icloud.com,EMAIL
vertigo@comcast.net,EMAIL
jsnover@msn.com,EMAIL
granboul@sbcglobal.net,EMAIL
dburrows@att.net,EMAIL
caronni@icloud.com,EMAIL
trieuvan@outlook.com,EMAIL
ahmad@msn.com,EMAIL
psharpe@msn.com,EMAIL
atmarks@live.com,EMAIL
nasor@me.com,EMAIL
kingjoshi@icloud.com,EMAIL
dkeeler@outlook.com,EMAIL
scottzed@aol.com,EMAIL
sscorpio@verizon.net,EMAIL
martyloo@icloud.com,EMAIL
augusto@yahoo.com,EMAIL
pplinux@aol.com,EMAIL
mailarc@aol.com,EMAIL
vertigo@icloud.com,EMAIL
ghost@comcast.net,EMAIL
bjornk@icloud.com,EMAIL
lamprecht@icloud.com,EMAIL
jmgomez@gmail.com,EMAIL
linuxhack@verizon.net,EMAIL
kmiller@verizon.net,EMAIL
nacho@me.com,EMAIL
jacks@att.net,EMAIL
syrinx@aol.com,EMAIL
errxn@icloud.com,EMAIL
barlow@comcast.net,EMAIL
jmorris@verizon.net,EMAIL
rgiersig@live.com,EMAIL
oevans@outlook.com,EMAIL
nogin@optonline.net,EMAIL
staffelb@live.com,EMAIL
budinger@comcast.net,EMAIL
valdez@verizon.net,EMAIL
galbra@outlook.com,EMAIL
multiplx@att.net,EMAIL
stewwy@outlook.com,EMAIL
eminence@yahoo.ca,EMAIL
alastair@mac.com,EMAIL
petersko@me.com,EMAIL
ardagna@icloud.com,EMAIL
yfreund@verizon.net,EMAIL
rcwil@msn.com,EMAIL
mrsam@verizon.net,EMAIL
attwood@sbcglobal.net,EMAIL
fglock@live.com,EMAIL
wmszeliga@gmail.com,EMAIL
qmacro@optonline.net,EMAIL
biglou@att.net,EMAIL
matsn@sbcglobal.net,EMAIL
marioph@outlook.com,EMAIL
bulletin@comcast.net,EMAIL
richard@yahoo.ca,EMAIL
barlow@yahoo.com,EMAIL
koudas@gmail.com,EMAIL
kmself@yahoo.com,EMAIL
bradl@yahoo.ca,EMAIL
keutzer@yahoo.com,EMAIL
lukka@comcast.net,EMAIL
presoff@comcast.net,EMAIL
hager@aol.com,EMAIL
smartfart@msn.com,EMAIL
aegreene@yahoo.com,EMAIL
howler@comcast.net,EMAIL
skaufman@live.com,EMAIL
madler@optonline.net,EMAIL
kenja@aol.com,EMAIL
khris@att.net,EMAIL
yxing@outlook.com,EMAIL
esokullu@att.net,EMAIL
bescoto@gmail.com,EMAIL
pdbaby@me.com,EMAIL
wsnyder@optonline.net,EMAIL
bonmots@comcast.net,EMAIL
cameron@sbcglobal.net,EMAIL
dmiller@me.com,EMAIL
mmccool@msn.com,EMAIL
aaribaud@optonline.net,EMAIL
dimensio@yahoo.ca,EMAIL
grinder@comcast.net,EMAIL
parents@gmail.com,EMAIL
mdielmann@att.net,EMAIL
bryam@me.com,EMAIL
lydia@live.com,EMAIL
tubajon@yahoo.ca,EMAIL
garland@sbcglobal.net,EMAIL
dwheeler@gmail.com,EMAIL
gslondon@outlook.com,EMAIL
mcmillan@gmail.com,EMAIL
joehall@hotmail.com,EMAIL
vganesh@verizon.net,EMAIL
flaviog@sbcglobal.net,EMAIL
rnelson@att.net,EMAIL
doormat@live.com,EMAIL
dimensio@mac.com,EMAIL
mcrawfor@yahoo.ca,EMAIL
pgolle@gmail.com,EMAIL
novanet@optonline.net,EMAIL
jandrese@me.com,EMAIL
garland@msn.com,EMAIL
skythe@me.com,EMAIL
mosses@outlook.com,EMAIL
dkrishna@yahoo.ca,EMAIL
mrobshaw@live.com,EMAIL
conteb@me.com,EMAIL
giafly@yahoo.ca,EMAIL
malattia@me.com,EMAIL
lauronen@msn.com,EMAIL
afifi@optonline.net,EMAIL
barlow@optonline.net,EMAIL
rgiersig@mac.com,EMAIL
lushe@att.net,EMAIL
grinder@gmail.com,EMAIL
malin@yahoo.ca,EMAIL
frederic@yahoo.com,EMAIL
steve@sbcglobal.net,EMAIL
eabrown@optonline.net,EMAIL
purvis@msn.com,EMAIL
gfxguy@live.com,EMAIL
biglou@icloud.com,EMAIL
petersen@optonline.net,EMAIL
barlow@aol.com,EMAIL
benits@mac.com,EMAIL
report@outlook.com,EMAIL
amcuri@msn.com,EMAIL
shazow@aol.com,EMAIL
michiel@aol.com,EMAIL
nogin@att.net,EMAIL
seasweb@gmail.com,EMAIL
lipeng@gmail.com,EMAIL
muadip@me.com,EMAIL
parents@msn.com,EMAIL
cumarana@hotmail.com,EMAIL
bahwi@verizon.net,EMAIL
north@verizon.net,EMAIL
naoya@outlook.com,EMAIL
cgarcia@verizon.net,EMAIL
benits@icloud.com,EMAIL
luebke@att.net,EMAIL
wortmanj@optonline.net,EMAIL
dhwon@aol.com,EMAIL
barlow@me.com,EMAIL
dburrows@aol.com,EMAIL
gamma@me.com,EMAIL
kjohnson@yahoo.com,EMAIL
marnanel@mac.com,EMAIL
jginspace@me.com,EMAIL
cumarana@outlook.com,EMAIL
mleary@msn.com,EMAIL
lbecchi@hotmail.com,EMAIL
juerd@gmail.com,EMAIL
sinkou@icloud.com,EMAIL
telbij@msn.com,EMAIL
facet@msn.com,EMAIL
stecoop@me.com,EMAIL
animats@hotmail.com,EMAIL
jorgb@optonline.net,EMAIL
report@hotmail.com,EMAIL
adillon@sbcglobal.net,EMAIL
specprog@aol.com,EMAIL
aardo@msn.com,EMAIL
jbearp@optonline.net,EMAIL
sinkou@live.com,EMAIL
vsprintf@aol.com,EMAIL
boomzilla@aol.com,EMAIL
paley@verizon.net,EMAIL
joehall@aol.com,EMAIL
rkobes@msn.com,EMAIL
keiji@outlook.com,EMAIL
jramio@att.net,EMAIL
amichalo@live.com,EMAIL
ghost@sbcglobal.net,EMAIL
larry@optonline.net,EMAIL
cfhsoft@msn.com,EMAIL
ardagna@me.com,EMAIL
cliffski@yahoo.com,EMAIL
bartak@aol.com,EMAIL
ducasse@yahoo.ca,EMAIL
rande@att.net,EMAIL
sacraver@hotmail.com,EMAIL
falcao@sbcglobal.net,EMAIL
hachi@msn.com,EMAIL
sriha@sbcglobal.net,EMAIL
jdhedden@att.net,EMAIL
naupa@att.net,EMAIL
scottlee@comcast.net,EMAIL
bartlett@live.com,EMAIL
techie@comcast.net,EMAIL
suresh@yahoo.ca,EMAIL
thrymm@icloud.com,EMAIL
mastinfo@yahoo.com,EMAIL
hllam@att.net,EMAIL
yenya@yahoo.com,EMAIL
seebs@yahoo.ca,EMAIL
noticias@sbcglobal.net,EMAIL
gumpish@aol.com,EMAIL
noahb@verizon.net,EMAIL
rfisher@sbcglobal.net,EMAIL
skippy@hotmail.com,EMAIL
srour@live.com,EMAIL
ilyaz@gmail.com,EMAIL
damian@optonline.net,EMAIL
aibrahim@mac.com,EMAIL
sethbrown@icloud.com,EMAIL
tkrotchko@hotmail.com,EMAIL
rhialto@hotmail.com,EMAIL
aardo@att.net,EMAIL
kourai@gmail.com,EMAIL
muzzy@gmail.com,EMAIL
amimojo@live.com,EMAIL
mugwump@msn.com,EMAIL
mobileip@msn.com,EMAIL
madler@aol.com,EMAIL
credmond@att.net,EMAIL
arachne@me.com,EMAIL
bulletin@aol.com,EMAIL
stellaau@me.com,EMAIL
odlyzko@live.com,EMAIL
fatelk@msn.com,EMAIL
mahbub@yahoo.com,EMAIL
metzzo@comcast.net,EMAIL
jespley@yahoo.com,EMAIL
adhere@gmail.com,EMAIL
ijackson@aol.com,EMAIL
birddog@aol.com,EMAIL
denton@verizon.net,EMAIL
arathi@att.net,EMAIL
ganter@mac.com,EMAIL
rsteiner@me.com,EMAIL
mchugh@att.net,EMAIL
rmcfarla@me.com,EMAIL
srour@optonline.net,EMAIL
krueger@yahoo.ca,EMAIL
jipsen@msn.com,EMAIL
bmidd@att.net,EMAIL
mbrown@optonline.net,EMAIL
itstatus@msn.com,EMAIL
hling@hotmail.com,EMAIL
johnh@hotmail.com,EMAIL
kayvonf@gmail.com,EMAIL
oneiros@outlook.com,EMAIL
smcnabb@yahoo.ca,EMAIL
njpayne@hotmail.com,EMAIL
tsuruta@hotmail.com,EMAIL
mrobshaw@me.com,EMAIL
fbriere@aol.com,EMAIL
cliffordj@yahoo.com,EMAIL
pierce@msn.com,EMAIL
yenya@sbcglobal.net,EMAIL
tjensen@outlook.com,EMAIL
hachi@me.com,EMAIL
atmarks@aol.com,EMAIL
durist@verizon.net,EMAIL
symbolic@aol.com,EMAIL
keiji@sbcglobal.net,EMAIL
dmath@hotmail.com,EMAIL
kodeman@me.com,EMAIL
jusdisgi@icloud.com,EMAIL
ghost@hotmail.com,EMAIL
goresky@mac.com,EMAIL
nogin@hotmail.com,EMAIL
kenja@yahoo.com,EMAIL
zilla@gmail.com,EMAIL
madler@comcast.net,EMAIL
granboul@att.net,EMAIL
rddesign@att.net,EMAIL
mhoffman@comcast.net,EMAIL
joelw@gmail.com,EMAIL
gward@comcast.net,EMAIL
dvdotnet@msn.com,EMAIL
lahvak@icloud.com,EMAIL
carmena@hotmail.com,EMAIL
sthomas@optonline.net,EMAIL
ubergeeb@live.com,EMAIL
kdawson@comcast.net,EMAIL
boein@optonline.net,EMAIL
ilial@verizon.net,EMAIL
balchen@hotmail.com,EMAIL
bmcmahon@comcast.net,EMAIL
nwiger@msn.com,EMAIL
gfody@msn.com,EMAIL
gregh@outlook.com,EMAIL
aschmitz@mac.com,EMAIL
haddawy@hotmail.com,EMAIL
leslie@optonline.net,EMAIL
doormat@comcast.net,EMAIL
tedrlord@icloud.com,EMAIL
mmccool@gmail.com,EMAIL
okroeger@optonline.net,EMAIL
ganter@sbcglobal.net,EMAIL
leocharre@msn.com,EMAIL
munjal@msn.com,EMAIL
tbeck@sbcglobal.net,EMAIL
fallorn@aol.com,EMAIL
slanglois@yahoo.ca,EMAIL
vertigo@optonline.net,EMAIL
fraterk@att.net,EMAIL
djupedal@me.com,EMAIL
daveewart@icloud.com,EMAIL
djpig@verizon.net,EMAIL
sequin@comcast.net,EMAIL
arandal@mac.com,EMAIL
jdhildeb@aol.com,EMAIL
galbra@msn.com,EMAIL
jfreedma@outlook.com,EMAIL
yenya@live.com,EMAIL
mthurn@optonline.net,EMAIL
aaribaud@aol.com,EMAIL
jipsen@live.com,EMAIL
msroth@att.net,EMAIL
pmint@mac.com,EMAIL
skythe@hotmail.com,EMAIL
rande@aol.com,EMAIL
panolex@att.net,EMAIL
jrifkin@mac.com,EMAIL
natepuri@outlook.com,EMAIL
bruck@me.com,EMAIL
jorgb@hotmail.com,EMAIL
cgarcia@sbcglobal.net,EMAIL
balchen@comcast.net,EMAIL
formis@comcast.net,EMAIL
jhardin@mac.com,EMAIL
arathi@me.com,EMAIL
juliano@mac.com,EMAIL
csilvers@live.com,EMAIL
jsnover@aol.com,EMAIL
ianbuck@sbcglobal.net,EMAIL
pontipak@yahoo.com,EMAIL
tarreau@gmail.com,EMAIL
jgwang@live.com,EMAIL
thrymm@comcast.net,EMAIL
yxing@live.com,EMAIL
william@comcast.net,EMAIL
tamas@gmail.com,EMAIL
ardagna@yahoo.com,EMAIL
phizntrg@aol.com,EMAIL
nelson@outlook.com,EMAIL
cremonini@optonline.net,EMAIL
jamuir@sbcglobal.net,EMAIL
mahbub@yahoo.com,EMAIL
chaffar@hotmail.com,EMAIL
helger@yahoo.ca,EMAIL
nachbaur@yahoo.ca,EMAIL
dprice@gmail.com,EMAIL
jusdisgi@gmail.com,EMAIL
hutton@hotmail.com,EMAIL
gomor@verizon.net,EMAIL
jshirley@msn.com,EMAIL
adhere@yahoo.com,EMAIL
nighthawk@mac.com,EMAIL
noahb@live.com,EMAIL
seebs@att.net,EMAIL
kudra@yahoo.com,EMAIL
nacho@mac.com,EMAIL
wojciech@gmail.com,EMAIL
stewwy@yahoo.ca,EMAIL
gordonjcp@me.com,EMAIL
portscan@sbcglobal.net,EMAIL
rohitm@me.com,EMAIL
wainwrig@gmail.com,EMAIL
gtewari@comcast.net,EMAIL
ahmad@mac.com,EMAIL
terjesa@msn.com,EMAIL
amimojo@gmail.com,EMAIL
sjmuir@live.com,EMAIL
peoplesr@verizon.net,EMAIL
jschauma@msn.com,EMAIL
isotopian@icloud.com,EMAIL
devphil@me.com,EMAIL
ribet@verizon.net,EMAIL
sekiya@yahoo.ca,EMAIL
lbaxter@hotmail.com,EMAIL
rnewman@comcast.net,EMAIL
kosact@yahoo.ca,EMAIL
adamk@optonline.net,EMAIL
sonnen@icloud.com,EMAIL
pkplex@yahoo.ca,EMAIL
tellis@att.net,EMAIL
mcmillan@mac.com,EMAIL
weidai@att.net,EMAIL
iamcal@gmail.com,EMAIL
maratb@yahoo.ca,EMAIL
jrifkin@aol.com,EMAIL
jesse@mac.com,EMAIL
sburke@yahoo.com,EMAIL
schwaang@sbcglobal.net,EMAIL
corrada@optonline.net,EMAIL
karasik@aol.com,EMAIL
goldberg@sbcglobal.net,EMAIL
jfinke@msn.com,EMAIL
draper@comcast.net,EMAIL
forsberg@gmail.com,EMAIL
hstiles@att.net,EMAIL
oster@outlook.com,EMAIL
mavilar@me.com,EMAIL
cameron@msn.com,EMAIL
shrapnull@comcast.net,EMAIL
reziac@mac.com,EMAIL
gommix@optonline.net,EMAIL
dvdotnet@optonline.net,EMAIL
pakaste@mac.com,EMAIL
dalamb@msn.com,EMAIL
srour@icloud.com,EMAIL
imightb@live.com,EMAIL
danzigism@gmail.com,EMAIL
nighthawk@optonline.net,EMAIL
slaff@optonline.net,EMAIL
rhialto@sbcglobal.net,EMAIL
lamprecht@verizon.net,EMAIL
webdragon@comcast.net,EMAIL
nimaclea@hotmail.com,EMAIL
nachbaur@outlook.com,EMAIL
pedwards@sbcglobal.net,EMAIL
attwood@me.com,EMAIL
uncled@gmail.com,EMAIL
godeke@mac.com,EMAIL
trygstad@yahoo.com,EMAIL
michiel@optonline.net,EMAIL
dinther@icloud.com,EMAIL
curly@verizon.net,EMAIL
sharon@aol.com,EMAIL
seanq@outlook.com,EMAIL
martink@icloud.com,EMAIL
dleconte@outlook.com,EMAIL
manuals@icloud.com,EMAIL
glenz@sbcglobal.net,EMAIL
gavollink@verizon.net,EMAIL
cliffordj@comcast.net,EMAIL
sabren@att.net,EMAIL
carreras@sbcglobal.net,EMAIL
gfody@me.com,EMAIL
slaff@msn.com,EMAIL
conteb@me.com,EMAIL
makarow@msn.com,EMAIL
drewf@live.com,EMAIL
overbom@mac.com,EMAIL
mdielmann@me.com,EMAIL
oracle@aol.com,EMAIL
tbeck@hotmail.com,EMAIL
bbirth@outlook.com,EMAIL
keijser@me.com,EMAIL
slaff@hotmail.com,EMAIL
tromey@optonline.net,EMAIL
aardo@mac.com,EMAIL
moxfulder@sbcglobal.net,EMAIL
stern@msn.com,EMAIL
gknauss@me.com,EMAIL
biglou@yahoo.ca,EMAIL
kosact@gmail.com,EMAIL
tbmaddux@msn.com,EMAIL
damian@outlook.com,EMAIL
dobey@msn.com,EMAIL
nullchar@att.net,EMAIL
purvis@comcast.net,EMAIL
rkobes@aol.com,EMAIL
frode@yahoo.com,EMAIL
dogdude@msn.com,EMAIL
mwandel@gmail.com,EMAIL
dbanarse@comcast.net,EMAIL
lukka@yahoo.ca,EMAIL
uncle@icloud.com,EMAIL
storerm@verizon.net,EMAIL
world@live.com,EMAIL
penna@att.net,EMAIL
rcwil@comcast.net,EMAIL
claesjac@yahoo.ca,EMAIL
msusa@outlook.com,EMAIL
feamster@verizon.net,EMAIL
houle@verizon.net,EMAIL
clkao@optonline.net,EMAIL
mjewell@me.com,EMAIL
seurat@mac.com,EMAIL
ilyaz@icloud.com,EMAIL
gavinls@outlook.com,EMAIL
larry@icloud.com,EMAIL
slanglois@sbcglobal.net,EMAIL
skaufman@hotmail.com,EMAIL
chronos@msn.com,EMAIL
brickbat@msn.com,EMAIL
pfitza@yahoo.com,EMAIL
retoh@comcast.net,EMAIL
redingtn@gmail.com,EMAIL
kourai@optonline.net,EMAIL
fmtbebuck@hotmail.com,EMAIL
dawnsong@yahoo.com,EMAIL
bruck@hotmail.com,EMAIL
notaprguy@yahoo.ca,EMAIL
joelw@hotmail.com,EMAIL
xnormal@gmail.com,EMAIL
neonatus@msn.com,EMAIL
ournews@yahoo.ca,EMAIL
fraser@gmail.com,EMAIL
citizenl@mac.com,EMAIL
bogjobber@yahoo.ca,EMAIL
luvirini@sbcglobal.net,EMAIL
redingtn@icloud.com,EMAIL
lamky@sbcglobal.net,EMAIL
gbacon@msn.com,EMAIL
akoblin@outlook.com,EMAIL
jonas@aol.com,EMAIL
esasaki@optonline.net,EMAIL
heroine@yahoo.com,EMAIL
portscan@gmail.com,EMAIL
johnh@verizon.net,EMAIL
dinther@icloud.com,EMAIL
djupedal@icloud.com,EMAIL
offthelip@comcast.net,EMAIL
tbusch@live.com,EMAIL
mccurley@me.com,EMAIL
bjornk@optonline.net,EMAIL
boomzilla@me.com,EMAIL
jshearer@me.com,EMAIL
fraterk@yahoo.com,EMAIL
choset@gmail.com,EMAIL
simone@comcast.net,EMAIL
mrsam@att.net,EMAIL
caidaperl@yahoo.ca,EMAIL
techie@mac.com,EMAIL
nwiger@yahoo.com,EMAIL
mthurn@yahoo.com,EMAIL
akoblin@live.com,EMAIL
kenja@yahoo.com,EMAIL
crimsane@msn.com,EMAIL
ccohen@att.net,EMAIL
hling@verizon.net,EMAIL
afeldspar@gmail.com,EMAIL
wmszeliga@me.com,EMAIL
zilla@att.net,EMAIL
bruck@icloud.com,EMAIL
leocharre@mac.com,EMAIL
garland@msn.com,EMAIL
scottlee@comcast.net,EMAIL
ubergeeb@mac.com,EMAIL
cliffordj@outlook.com,EMAIL
ganter@optonline.net,EMAIL
skaufman@aol.com,EMAIL
dowdy@yahoo.ca,EMAIL
jkegl@optonline.net,EMAIL
blixem@sbcglobal.net,EMAIL
mrsam@yahoo.ca,EMAIL
jgmyers@yahoo.ca,EMAIL
kosact@hotmail.com,EMAIL
mcrawfor@comcast.net,EMAIL
sabren@outlook.com,EMAIL
breegster@yahoo.com,EMAIL
formis@sbcglobal.net,EMAIL
zilla@comcast.net,EMAIL
mchugh@mac.com,EMAIL
stecoop@gmail.com,EMAIL
makarow@sbcglobal.net,EMAIL
malvar@comcast.net,EMAIL
stecoop@comcast.net,EMAIL
malvar@optonline.net,EMAIL
kohlis@hotmail.com,EMAIL
crypt@yahoo.com,EMAIL
dgriffith@live.com,EMAIL
bester@hotmail.com,EMAIL
jbryan@mac.com,EMAIL
ewaters@yahoo.ca,EMAIL
tromey@mac.com,EMAIL
jadavis@mac.com,EMAIL
inico@verizon.net,EMAIL
rupak@outlook.com,EMAIL
philb@me.com,EMAIL
jyoliver@hotmail.com,EMAIL
unreal@me.com,EMAIL
samavati@comcast.net,EMAIL
ahuillet@outlook.com,EMAIL
jorgb@gmail.com,EMAIL
kingjoshi@icloud.com,EMAIL
dbanarse@verizon.net,EMAIL
louise@sbcglobal.net,EMAIL
doche@mac.com,EMAIL
gtaylor@att.net,EMAIL
rddesign@icloud.com,EMAIL
valdez@yahoo.ca,EMAIL
gavinls@aol.com,EMAIL
ylchang@me.com,EMAIL
dmiller@live.com,EMAIL
fglock@outlook.com,EMAIL
glenz@sbcglobal.net,EMAIL
netsfr@outlook.com,EMAIL
rbarreira@comcast.net,EMAIL
naoya@icloud.com,EMAIL
cgarcia@hotmail.com,EMAIL
joglo@aol.com,EMAIL
parksh@comcast.net,EMAIL
ewaters@comcast.net,EMAIL
wayward@hotmail.com,EMAIL
falcao@hotmail.com,EMAIL
boser@gmail.com,EMAIL
thowell@icloud.com,EMAIL
boomzilla@comcast.net,EMAIL
quinn@outlook.com,EMAIL
rgarton@gmail.com,EMAIL
gboss@yahoo.ca,EMAIL
symbolic@msn.com,EMAIL
ehood@yahoo.ca,EMAIL
crobles@me.com,EMAIL
formis@comcast.net,EMAIL
adamk@sbcglobal.net,EMAIL
citadel@sbcglobal.net,EMAIL
sopwith@att.net,EMAIL
hutton@live.com,EMAIL
euice@outlook.com,EMAIL
phizntrg@hotmail.com,EMAIL
blixem@yahoo.ca,EMAIL
jaffe@icloud.com,EMAIL
richard@verizon.net,EMAIL
biglou@yahoo.com,EMAIL
jgmyers@mac.com,EMAIL
fluffy@mac.com,EMAIL
budinger@msn.com,EMAIL
boser@icloud.com,EMAIL
msroth@me.com,EMAIL
dmbkiwi@att.net,EMAIL
frikazoyd@yahoo.ca,EMAIL
tubajon@sbcglobal.net,EMAIL
bryam@msn.com,EMAIL
floxy@hotmail.com,EMAIL
wikinerd@outlook.com,EMAIL
srour@optonline.net,EMAIL
msroth@gmail.com,EMAIL
tangsh@me.com,EMAIL
linuxhack@live.com,EMAIL
gordonjcp@sbcglobal.net,EMAIL
jyoliver@live.com,EMAIL
mcnihil@me.com,EMAIL
corrada@yahoo.ca,EMAIL
vlefevre@yahoo.com,EMAIL
empathy@icloud.com,EMAIL
jfriedl@me.com,EMAIL
tjensen@gmail.com,EMAIL
stomv@att.net,EMAIL
bancboy@hotmail.com,EMAIL
leakin@att.net,EMAIL
jbuchana@yahoo.com,EMAIL
greear@yahoo.ca,EMAIL
calin@yahoo.com,EMAIL
policies@att.net,EMAIL
ateniese@aol.com,EMAIL
kdawson@live.com,EMAIL
ducasse@optonline.net,EMAIL
hikoza@optonline.net,EMAIL
helger@optonline.net,EMAIL
oracle@me.com,EMAIL
wonderkid@icloud.com,EMAIL
jesse@live.com,EMAIL
gslondon@me.com,EMAIL
doche@verizon.net,EMAIL
henkp@msn.com,EMAIL
jfinke@verizon.net,EMAIL
psharpe@sbcglobal.net,EMAIL
godeke@yahoo.com,EMAIL
scarolan@verizon.net,EMAIL
amcuri@hotmail.com,EMAIL
dsowsy@gmail.com,EMAIL
dgriffith@yahoo.ca,EMAIL
guialbu@sbcglobal.net,EMAIL
jaesenj@gmail.com,EMAIL
falcao@hotmail.com,EMAIL
jesse@outlook.com,EMAIL
mxiao@verizon.net,EMAIL
sinkou@yahoo.ca,EMAIL
gboss@mac.com,EMAIL
mccurley@att.net,EMAIL
drezet@verizon.net,EMAIL
sinclair@verizon.net,EMAIL
mrobshaw@yahoo.com,EMAIL
snunez@icloud.com,EMAIL
mjewell@yahoo.com,EMAIL
joehall@mac.com,EMAIL
andrei@yahoo.ca,EMAIL
bflong@outlook.com,EMAIL
kostas@yahoo.ca,EMAIL
sekiya@yahoo.ca,EMAIL
munge@outlook.com,EMAIL
dpitts@yahoo.ca,EMAIL
seebs@mac.com,EMAIL
wildfire@sbcglobal.net,EMAIL
mccurley@yahoo.com,EMAIL
uraeus@outlook.com,EMAIL
johndo@sbcglobal.net,EMAIL
miltchev@msn.com,EMAIL
gtaylor@aol.com,EMAIL
mddallara@yahoo.ca,EMAIL
jbryan@me.com,EMAIL
rande@sbcglobal.net,EMAIL
elflord@gmail.com,EMAIL
jemarch@aol.com,EMAIL
yfreund@yahoo.com,EMAIL
ramollin@sbcglobal.net,EMAIL
aibrahim@msn.com,EMAIL
gamma@optonline.net,EMAIL
matty@msn.com,EMAIL
budinger@icloud.com,EMAIL
tmccarth@comcast.net,EMAIL
cremonini@hotmail.com,EMAIL
madler@outlook.com,EMAIL
mobileip@aol.com,EMAIL
mhouston@yahoo.ca,EMAIL
dburrows@verizon.net,EMAIL
jdray@gmail.com,EMAIL
howler@sbcglobal.net,EMAIL
moonlapse@icloud.com,EMAIL
heine@hotmail.com,EMAIL
oechslin@mac.com,EMAIL
darin@hotmail.com,EMAIL
fmerges@att.net,EMAIL
alias@gmail.com,EMAIL
mahbub@mac.com,EMAIL
dsugal@att.net,EMAIL
telbij@yahoo.ca,EMAIL
joelw@icloud.com,EMAIL
bradl@live.com,EMAIL
dprice@optonline.net,EMAIL
phizntrg@hotmail.com,EMAIL
petersen@optonline.net,EMAIL
sopwith@yahoo.com,EMAIL
gtewari@gmail.com,EMAIL
wojciech@yahoo.com,EMAIL
aibrahim@icloud.com,EMAIL
ralamosm@att.net,EMAIL
mrsam@yahoo.ca,EMAIL
facet@me.com,EMAIL
osrin@aol.com,EMAIL
mxiao@live.com,EMAIL
papathan@comcast.net,EMAIL
tkrotchko@optonline.net,EMAIL
gavollink@aol.com,EMAIL
dburrows@comcast.net,EMAIL
jigsaw@yahoo.ca,EMAIL
report@comcast.net,EMAIL
rfoley@outlook.com,EMAIL
bcevc@sbcglobal.net,EMAIL
kwilliams@gmail.com,EMAIL
johnbob@live.com,EMAIL
uqmcolyv@comcast.net,EMAIL
syrinx@gmail.com,EMAIL
joehall@hotmail.com,EMAIL
smcnabb@aol.com,EMAIL
nimaclea@me.com,EMAIL
bryanw@comcast.net,EMAIL
tbusch@msn.com,EMAIL
aprakash@verizon.net,EMAIL
kaiser@comcast.net,EMAIL
jamuir@yahoo.com,EMAIL
thrymm@yahoo.com,EMAIL
citadel@sbcglobal.net,EMAIL
retoh@live.com,EMAIL
cameron@gmail.com,EMAIL
avalon@outlook.com,EMAIL
seebs@yahoo.com,EMAIL
benits@mac.com,EMAIL
kaiser@yahoo.com,EMAIL
djpig@hotmail.com,EMAIL
petersen@hotmail.com,EMAIL
policies@me.com,EMAIL
staffelb@icloud.com,EMAIL
psharpe@hotmail.com,EMAIL
north@comcast.net,EMAIL
mhoffman@outlook.com,EMAIL
jbuchana@yahoo.com,EMAIL
noodles@att.net,EMAIL
salesgeek@msn.com,EMAIL
marin@me.com,EMAIL
sonnen@yahoo.com,EMAIL
bmcmahon@gmail.com,EMAIL
bescoto@att.net,EMAIL
yumpy@optonline.net,EMAIL
geekgrl@mac.com,EMAIL
cmdrgravy@live.com,EMAIL
tattooman@icloud.com,EMAIL
miyop@icloud.com,EMAIL
redingtn@gmail.com,EMAIL
rjones@live.com,EMAIL
pierce@live.com,EMAIL
mrsam@hotmail.com,EMAIL
rattenbt@live.com,EMAIL
rfisher@hotmail.com,EMAIL
jemarch@hotmail.com,EMAIL
grinder@yahoo.ca,EMAIL
gospodin@hotmail.com,EMAIL
joehall@outlook.com,EMAIL
rohitm@verizon.net,EMAIL
reeds@att.net,EMAIL
msusa@yahoo.ca,EMAIL
portscan@live.com,EMAIL
meinkej@gmail.com,EMAIL
godeke@icloud.com,EMAIL
nasor@yahoo.ca,EMAIL
jmgomez@verizon.net,EMAIL
tmaek@me.com,EMAIL
sacraver@me.com,EMAIL
kramulous@yahoo.com,EMAIL
yxing@att.net,EMAIL
demmel@optonline.net,EMAIL
chunzi@optonline.net,EMAIL
sokol@msn.com,EMAIL
corrada@yahoo.ca,EMAIL
gomor@hotmail.com,EMAIL
jbarta@mac.com,EMAIL
chaikin@msn.com,EMAIL
ianbuck@hotmail.com,EMAIL
alastair@msn.com,EMAIL
citizenl@sbcglobal.net,EMAIL
crowl@live.com,EMAIL
fluffy@hotmail.com,EMAIL
satishr@msn.com,EMAIL
tubajon@hotmail.com,EMAIL
peoplesr@att.net,EMAIL
adhere@att.net,EMAIL
cmdrgravy@msn.com,EMAIL
isaacson@optonline.net,EMAIL
tmccarth@live.com,EMAIL
violinhi@verizon.net,EMAIL
dhwon@optonline.net,EMAIL
geekoid@att.net,EMAIL
tokuhirom@aol.com,EMAIL
brainless@hotmail.com,EMAIL
fairbank@icloud.com,EMAIL
dprice@sbcglobal.net,EMAIL
amichalo@outlook.com,EMAIL
parrt@hotmail.com,EMAIL
atmarks@verizon.net,EMAIL
mchugh@aol.com,EMAIL
452-083-6804,TELEPHONE
1-869-009-2161,TELEPHONE
167-158-8091 x159,TELEPHONE
1-101-716-6192,TELEPHONE
067-413-8677 x8349,TELEPHONE
1-301-004-4215 x96534,TELEPHONE
1-201-458-9185 x8014,TELEPHONE
421-437-9892 x38398,TELEPHONE
566.821.2425 x98525,TELEPHONE
494-468-4349 x59689,TELEPHONE
(025)783-3631,TELEPHONE
1-877-766-7802 x4277,TELEPHONE
(642)386-7841 x16058,TELEPHONE
421.746.3999,TELEPHONE
(738)565-9121 x8126,TELEPHONE
417.978.3547 x4391,TELEPHONE
(563)555-8670 x913,TELEPHONE
1-225-349-3348 x4993,TELEPHONE
747-716-0212,TELEPHONE
(546)669-3897 x751,TELEPHONE
579-782-2098,TELEPHONE
450-315-1745,TELEPHONE
919-897-5788,TELEPHONE
(218)479-4402 x657,TELEPHONE
101-289-3064 x539,TELEPHONE
(998)230-8991,TELEPHONE
713.174.0698,TELEPHONE
(109)823-6049,TELEPHONE
776-242-1707 x180,TELEPHONE
485.336.4503 x1430,TELEPHONE
468-755-5593 x2783,TELEPHONE
943.078.5168 x997,TELEPHONE
265.552.1714,TELEPHONE
(586)844-4991 x47730,TELEPHONE
(632)954-8736 x58372,TELEPHONE
872.409.5738,TELEPHONE
(708)348-3358 x383,TELEPHONE
(437)301-1232 x0768,TELEPHONE
1-339-908-7163,TELEPHONE
(284)410-3884 x801,TELEPHONE
904-287-4503,TELEPHONE
559-323-0541,TELEPHONE
(494)696-3640 x810,TELEPHONE
854.048.2206,TELEPHONE
193.697.6833,TELEPHONE
(897)524-1056,TELEPHONE
(639)522-7891 x47824,TELEPHONE
112-200-1072 x765,TELEPHONE
977.088.3417,TELEPHONE
1-746-764-8042 x603,TELEPHONE
003.080.2228 x0495,TELEPHONE
1-451-897-9099 x178,TELEPHONE
066-689-5168 x445,TELEPHONE
414-839-1773 x25162,TELEPHONE
483-159-1967 x95096,TELEPHONE
1-895-192-2612,TELEPHONE
1-952-208-5112 x2949,TELEPHONE
1-276-154-9617,TELEPHONE
(406)558-7795 x9272,TELEPHONE
340-789-2078,TELEPHONE
427-485-4245 x30663,TELEPHONE
1-579-574-4435 x6311,TELEPHONE
(636)349-6893,TELEPHONE
511.525.3258,TELEPHONE
468.588.4741 x83679,TELEPHONE
(090)901-8288,TELEPHONE
1-213-651-9070 x13816,TELEPHONE
(814)773-4313,TELEPHONE
166-169-0517,TELEPHONE
1-047-941-3093,TELEPHONE
1-147-283-0021 x8205,TELEPHONE
269.327.1463,TELEPHONE
(991)436-1880 x2057,TELEPHONE
(815)335-0176 x66357,TELEPHONE
482-052-9508 x02828,TELEPHONE
1-387-964-0777 x124,TELEPHONE
1-238-323-4113,TELEPHONE
(404)478-2439 x4199,TELEPHONE
855.713.2436,TELEPHONE
1-082-213-9700,TELEPHONE
1-113-256-1486 x9658,TELEPHONE
1-565-252-8743 x171,TELEPHONE
448-130-6965 x6142,TELEPHONE
1-608-552-9014 x8302,TELEPHONE
626.383.1738,TELEPHONE
143-783-4145 x3800,TELEPHONE
765.974.7224,TELEPHONE
358.306.5606 x664,TELEPHONE
(640)438-4432 x18621,TELEPHONE
329.355.0794,TELEPHONE
(907)064-2214,TELEPHONE
237.988.2189 x73318,TELEPHONE
039.331.9898,TELEPHONE
(858)538-9751,TELEPHONE
464.156.8044 x490,TELEPHONE
314.003.3125 x6979,TELEPHONE
(509)570-7639 x70565,TELEPHONE
880.082.9182,TELEPHONE
297-597-2018 x7588,TELEPHONE
406-375-8976,TELEPHONE
(956)706-1942,TELEPHONE
(977)287-3342,TELEPHONE
319.978.2788 x56944,TELEPHONE
(898)987-5756 x751,TELEPHONE
(906)041-7757 x223,TELEPHONE
1-426-802-9920 x80655,TELEPHONE
1-424-307-9534 x0580,TELEPHONE
(591)978-7897 x050,TELEPHONE
377.619.9003 x249,TELEPHONE
1-707-699-9363 x7210,TELEPHONE
1-307-974-1643,TELEPHONE
928.320.0718 x7664,TELEPHONE
1-663-629-5474 x84749,TELEPHONE
1-519-725-4523 x424,TELEPHONE
1-950-846-6763 x977,TELEPHONE
(258)660-4596,TELEPHONE
559.938.6428 x56142,TELEPHONE
(565)913-8226 x65538,TELEPHONE
(948)283-8266,TELEPHONE
(285)917-3419,TELEPHONE
139.655.7803 x02039,TELEPHONE
525.188.1210 x767,TELEPHONE
1-307-858-1873 x69177,TELEPHONE
737-411-1562 x939,TELEPHONE
244.738.7912,TELEPHONE
1-076-083-6449 x031,TELEPHONE
(755)028-1934,TELEPHONE
784-331-5882,TELEPHONE
(324)966-4826 x8032,TELEPHONE
(397)751-0788,TELEPHONE
(146)978-9463,TELEPHONE
307-518-3167 x75916,TELEPHONE
242.194.1381 x84556,TELEPHONE
806-603-0864 x5967,TELEPHONE
555.911.0599 x2426,TELEPHONE
749-307-3607 x6774,TELEPHONE
414-192-9079 x9200,TELEPHONE
111.739.5099 x8905,TELEPHONE
769.992.1071,TELEPHONE
(635)479-3152,TELEPHONE
015.850.4177 x165,TELEPHONE
(822)803-3839 x329,TELEPHONE
1-828-824-8006 x214,TELEPHONE
796.298.9413,TELEPHONE
216.723.4603,TELEPHONE
823.634.5571,TELEPHONE
725.210.2946 x2078,TELEPHONE
(642)360-0532 x7072,TELEPHONE
678.470.5531 x29489,TELEPHONE
1-373-079-7443 x8262,TELEPHONE
(578)750-7517 x47121,TELEPHONE
419-332-7625 x54595,TELEPHONE
283.581.3166 x2629,TELEPHONE
977-650-9564 x323,TELEPHONE
707-050-2476,TELEPHONE
035.082.9613,TELEPHONE
440.504.0773 x003,TELEPHONE
333.328.3439 x701,TELEPHONE
815-823-3991,TELEPHONE
(805)490-1752 x471,TELEPHONE
(572)880-9285 x79141,TELEPHONE
(084)249-6101 x48157,TELEPHONE
272-640-3590 x3835,TELEPHONE
939.048.5073 x302,TELEPHONE
(559)438-5013,TELEPHONE
1-968-058-5275 x89468,TELEPHONE
755-579-0807 x9685,TELEPHONE
1-677-324-3776 x30842,TELEPHONE
(576)958-5005 x193,TELEPHONE
538.828.2156,TELEPHONE
1-043-701-7845 x370,TELEPHONE
1-071-935-3146,TELEPHONE
(307)696-1931,TELEPHONE
(673)799-1460 x7809,TELEPHONE
184.080.5486,TELEPHONE
1-535-450-6171 x067,TELEPHONE
770.351.6825 x324,TELEPHONE
825.617.8588,TELEPHONE
1-379-424-8600 x2047,TELEPHONE
281-272-9483 x2503,TELEPHONE
1-982-902-1608,TELEPHONE
1-613-574-0093 x7618,TELEPHONE
1-695-079-5363 x28684,TELEPHONE
489.279.0491,TELEPHONE
681-033-7480,TELEPHONE
263-892-7714,TELEPHONE
044-502-7680,TELEPHONE
1-750-864-7627,TELEPHONE
(315)998-3560 x3315,TELEPHONE
(624)356-1900,TELEPHONE
744-140-3917,TELEPHONE
304.412.3119,TELEPHONE
(737)286-7135,TELEPHONE
1-906-843-6505 x056,TELEPHONE
1-549-499-4495 x0646,TELEPHONE
1-294-060-3455,TELEPHONE
222.343.3826,TELEPHONE
(519)700-2564 x832,TELEPHONE
486.088.5032,TELEPHONE
861-629-2365 x07173,TELEPHONE
807.011.4723,TELEPHONE
022.210.1764,TELEPHONE
793.036.0305,TELEPHONE
(739)121-4081 x99058,TELEPHONE
625.010.5015 x48736,TELEPHONE
685-759-9141,TELEPHONE
495-111-2865 x48488,TELEPHONE
872.874.4345 x651,TELEPHONE
1-208-497-5937 x986,TELEPHONE
(313)771-0246 x9634,TELEPHONE
(274)318-7393,TELEPHONE
497-640-0456 x861,TELEPHONE
(220)725-5231,TELEPHONE
883.183.1142 x04886,TELEPHONE
120-922-7218 x42585,TELEPHONE
(436)637-0490,TELEPHONE
(300)412-0260 x3741,TELEPHONE
(557)701-8483 x404,TELEPHONE
1-348-911-6503 x07542,TELEPHONE
849.034.3153,TELEPHONE
097-412-5930,TELEPHONE
647-204-0060,TELEPHONE
183-619-4286,TELEPHONE
(197)072-1488 x0950,TELEPHONE
1-546-959-7584,TELEPHONE
1-205-840-7010 x9305,TELEPHONE
(534)305-8978,TELEPHONE
(797)711-0865,TELEPHONE
(411)660-7884 x7592,TELEPHONE
453-356-3273 x9570,TELEPHONE
1-716-547-9841 x925,TELEPHONE
838.783.1226 x21929,TELEPHONE
092-435-4402,TELEPHONE
1-355-743-8186 x974,TELEPHONE
854.584.0031 x12516,TELEPHONE
803.158.7321 x59778,TELEPHONE
091-773-1523 x6631,TELEPHONE
421.775.8344 x015,TELEPHONE
(803)496-8929 x3405,TELEPHONE
388.313.6066,TELEPHONE
(668)604-5622,TELEPHONE
780-994-8141 x05117,TELEPHONE
110.427.8267 x714,TELEPHONE
1-933-976-2109,TELEPHONE
1-786-128-4792,TELEPHONE
278.596.0237 x7626,TELEPHONE
(495)128-8165,TELEPHONE
261.401.0983 x660,TELEPHONE
360.506.1959 x1820,TELEPHONE
1-756-359-7776 x983,TELEPHONE
1-862-461-4609 x5963,TELEPHONE
834-700-7208 x215,TELEPHONE
(383)583-9291,TELEPHONE
(732)613-3981 x81059,TELEPHONE
379.546.1988,TELEPHONE
661.461.5299 x8418,TELEPHONE
651-824-4555 x652,TELEPHONE
(766)189-7196,TELEPHONE
(509)730-5163 x01906,TELEPHONE
(245)938-7396 x54918,TELEPHONE
227.411.3362 x4586,TELEPHONE
363.488.5028 x16168,TELEPHONE
542-348-1598 x62821,TELEPHONE
(583)626-4231 x95655,TELEPHONE
625.522.0393 x08842,TELEPHONE
(373)380-7963 x1612,TELEPHONE
1-198-581-2201,TELEPHONE
126.771.7540 x080,TELEPHONE
(195)240-8844 x018,TELEPHONE
816-326-2088,TELEPHONE
1-511-930-3454,TELEPHONE
958.257.2721,TELEPHONE
216.017.4646 x4102,TELEPHONE
676-260-9098,TELEPHONE
(859)528-6082 x0973,TELEPHONE
954.867.5470,TELEPHONE
201-400-7296,TELEPHONE
(820)252-8647,TELEPHONE
1-744-209-5841 x000,TELEPHONE
(639)941-5256 x06147,TELEPHONE
048-573-5936,TELEPHONE
204.494.7416,TELEPHONE
(516)792-2871,TELEPHONE
1-245-813-2440 x09237,TELEPHONE
1-560-390-1594 x1592,TELEPHONE
1-514-546-9111,TELEPHONE
161.479.5400,TELEPHONE
474-059-6846 x47097,TELEPHONE
522-662-6974 x146,TELEPHONE
(642)312-0838 x07480,TELEPHONE
(729)519-5264 x196,TELEPHONE
(076)514-1245 x94773,TELEPHONE
231-154-1993 x41003,TELEPHONE
(747)338-8460 x84433,TELEPHONE
(613)516-3732,TELEPHONE
(495)030-2235,TELEPHONE
1-861-601-4940 x79272,TELEPHONE
1-411-379-3253 x68197,TELEPHONE
578-322-2697,TELEPHONE
767.008.9302 x2273,TELEPHONE
(669)473-8420 x954,TELEPHONE
280.225.7893,TELEPHONE
425-751-5398,TELEPHONE
436.453.8208,TELEPHONE
1-778-053-3302,TELEPHONE
1-702-593-7701 x8392,TELEPHONE
1-889-557-2952 x04097,TELEPHONE
(463)482-4476 x4788,TELEPHONE
(104)919-1605 x0990,TELEPHONE
474.796.5984 x4707,TELEPHONE
064-311-0243 x51174,TELEPHONE
1-291-159-2886,TELEPHONE
297.923.8556,TELEPHONE
111.084.6002,TELEPHONE
917.416.4052 x47950,TELEPHONE
1-826-262-5774,TELEPHONE
213-427-7614 x22760,TELEPHONE
1-634-448-9868 x96798,TELEPHONE
1-295-041-4677,TELEPHONE
1-105-112-8836 x36761,TELEPHONE
519-928-1717 x107,TELEPHONE
356.712.0106 x69846,TELEPHONE
(466)524-4705,TELEPHONE
448.121.4871 x5225,TELEPHONE
116-462-3802,TELEPHONE
488-249-0879,TELEPHONE
(709)025-0056 x5977,TELEPHONE
(654)028-7360,TELEPHONE
1-305-418-2483 x71404,TELEPHONE
(848)639-7604 x5422,TELEPHONE
762.339.0010,TELEPHONE
062-520-3166 x8968,TELEPHONE
(483)796-5018,TELEPHONE
674.813.8569 x693,TELEPHONE
842.657.0853,TELEPHONE
441-542-5604 x2821,TELEPHONE
162-349-1757,TELEPHONE
1-146-281-9132 x2370,TELEPHONE
998-602-7684,TELEPHONE
(794)567-5704 x7375,TELEPHONE
695.067.4360 x31319,TELEPHONE
458.931.9301,TELEPHONE
592-562-6623,TELEPHONE
031.884.5421 x38916,TELEPHONE
552-605-4744 x56017,TELEPHONE
497.744.4746,TELEPHONE
(381)230-5089 x5813,TELEPHONE
126-018-9501,TELEPHONE
154.820.9651,TELEPHONE
105-374-6863 x177,TELEPHONE
849.069.7229 x79837,TELEPHONE
1-518-343-2508 x7135,TELEPHONE
1-910-350-0898,TELEPHONE
1-712-807-8869 x0511,TELEPHONE
(542)507-2727 x025,TELEPHONE
(121)079-2302 x4999,TELEPHONE
1-511-402-0274 x4886,TELEPHONE
600.419.8400 x209,TELEPHONE
284-352-3923 x9578,TELEPHONE
561.264.5944,TELEPHONE
(388)165-5437 x988,TELEPHONE
(707)019-3172,TELEPHONE
1-426-770-5829,TELEPHONE
595.284.3342 x97473,TELEPHONE
(445)523-5590 x75739,TELEPHONE
1-316-266-4725 x1626,TELEPHONE
(776)953-8800,TELEPHONE
(742)062-8267 x91086,TELEPHONE
(008)180-1078 x602,TELEPHONE
(516)824-1518,TELEPHONE
274-829-0853,TELEPHONE
056-666-1705 x602,TELEPHONE
703.597.4565 x375,TELEPHONE
072.085.8345 x967,TELEPHONE
440-276-1797 x34821,TELEPHONE
1-481-675-9858 x62098,TELEPHONE
(030)778-8791,TELEPHONE
048.102.3709,TELEPHONE
836-650-6133,TELEPHONE
1-133-518-4812,TELEPHONE
(780)121-4434 x5262,TELEPHONE
1-377-522-8016,TELEPHONE
093-114-1035 x6571,TELEPHONE
753-907-9402 x895,TELEPHONE
140.063.7938,TELEPHONE
(396)824-7004,TELEPHONE
185.092.3083 x3723,TELEPHONE
(211)358-1141,TELEPHONE
(939)240-3547,TELEPHONE
751-940-4008,TELEPHONE
911-658-5312 x067,TELEPHONE
1-951-828-5394 x8160,TELEPHONE
(944)376-4056 x9483,TELEPHONE
(104)979-9229,TELEPHONE
1-994-248-5207 x031,TELEPHONE
413.413.5321 x0613,TELEPHONE
1-306-786-6059 x6044,TELEPHONE
372.678.9109,TELEPHONE
892-415-0828,TELEPHONE
1-955-771-7795,TELEPHONE
1-829-334-2428 x080,TELEPHONE
327-132-8150,TELEPHONE
1-059-553-9811 x2662,TELEPHONE
(533)269-0477 x3143,TELEPHONE
158.922.2598 x2225,TELEPHONE
453-951-7861 x739,TELEPHONE
457-443-6878,TELEPHONE
060-220-6215,TELEPHONE
(522)771-3973 x9987,TELEPHONE
(803)096-0001 x058,TELEPHONE
1-112-802-2871 x26097,TELEPHONE
1-153-937-1468 x8721,TELEPHONE
335.970.3544 x0804,TELEPHONE
151.764.7662 x0459,TELEPHONE
013.685.2908 x56732,TELEPHONE
1-702-234-4518 x7280,TELEPHONE
(102)908-4432 x646,TELEPHONE
890-966-7343 x0536,TELEPHONE
217-515-3814,TELEPHONE
1-569-512-7384 x99367,TELEPHONE
1-212-298-2159,TELEPHONE
239-288-1841,TELEPHONE
1-813-227-3423 x5288,TELEPHONE
(738)791-8697 x74115,TELEPHONE
(824)951-7808 x331,TELEPHONE
329-317-9620 x9139,TELEPHONE
(328)062-1226,TELEPHONE
622-632-1067 x9761,TELEPHONE
120-740-0654,TELEPHONE
1-968-896-6622 x550,TELEPHONE
196.123.9321 x702,TELEPHONE
1-988-006-1399,TELEPHONE
863-235-0566 x495,TELEPHONE
424.613.3694 x726,TELEPHONE
(765)759-9848,TELEPHONE
1-861-629-5271,TELEPHONE
752.165.2143 x800,TELEPHONE
116-371-7376 x96346,TELEPHONE
(248)993-7596,TELEPHONE
861-252-3217 x13776,TELEPHONE
010.396.4683 x393,TELEPHONE
056-746-3079,TELEPHONE
471-570-8414 x408,TELEPHONE
1-046-631-3365 x55028,TELEPHONE
(614)579-6247,TELEPHONE
(834)194-6634 x68224,TELEPHONE
216-061-4175,TELEPHONE
116.671.8058,TELEPHONE
913-927-9675,TELEPHONE
1-327-976-7946,TELEPHONE
213.297.4291,TELEPHONE
624-024-9327 x375,TELEPHONE
(274)006-7957 x99109,TELEPHONE
333.747.4511,TELEPHONE
335.845.2447 x6829,TELEPHONE
1-514-236-4793 x038,TELEPHONE
303.228.5678,TELEPHONE
1-791-966-9834 x7314,TELEPHONE
246-688-2452,TELEPHONE
1-146-756-8360 x12076,TELEPHONE
878.675.2340,TELEPHONE
673-507-3475,TELEPHONE
(536)900-4913 x90576,TELEPHONE
708-284-6305,TELEPHONE
089-140-1782,TELEPHONE
319-950-7299 x926,TELEPHONE
081.998.8358 x89679,TELEPHONE
(368)742-6634,TELEPHONE
1-165-380-2985,TELEPHONE
278.809.9106 x57232,TELEPHONE
588.272.6807 x7347,TELEPHONE
281-395-3311,TELEPHONE
1-131-421-0303 x19283,TELEPHONE
699.658.6334 x426,TELEPHONE
(070)769-1072 x203,TELEPHONE
(312)748-2174,TELEPHONE
1-606-257-7032,TELEPHONE
(667)783-8171,TELEPHONE
1-544-654-2622 x5077,TELEPHONE
050-954-6800 x749,TELEPHONE
1-429-205-5966 x852,TELEPHONE
1-771-154-3472 x9310,TELEPHONE
596-533-4816 x1060,TELEPHONE
1-589-931-5906 x64878,TELEPHONE
643.934.9536 x12683,TELEPHONE
(231)262-4503 x449,TELEPHONE
1-848-041-4064,TELEPHONE
977-869-8577,TELEPHONE
1-724-869-5290,TELEPHONE
763-871-4693 x0646,TELEPHONE
333-213-1869,TELEPHONE
197.767.6306,TELEPHONE
610.270.2358,TELEPHONE
(524)765-5553 x6020,TELEPHONE
318-921-1431,TELEPHONE
(589)037-1634,TELEPHONE
1-583-687-6498,TELEPHONE
1-451-305-7711 x862,TELEPHONE
1-756-414-2862,TELEPHONE
(106)504-5704,TELEPHONE
1-000-193-3616 x543,TELEPHONE
393-538-5990 x320,TELEPHONE
265-147-3786 x30295,TELEPHONE
046-017-5066 x5609,TELEPHONE
230-382-9013 x21128,TELEPHONE
635.323.9069,TELEPHONE
1-947-872-8952,TELEPHONE
211-873-5984,TELEPHONE
607.786.5175 x43546,TELEPHONE
329.631.5390,TELEPHONE
640-103-5381,TELEPHONE
(119)581-2846 x564,TELEPHONE
554.719.4139 x938,TELEPHONE
(212)658-4407 x71584,TELEPHONE
311-558-3723,TELEPHONE
544-740-9173 x541,TELEPHONE
787-187-5595,TELEPHONE
567-070-7961,TELEPHONE
112.275.9777 x494,TELEPHONE
(596)877-3332,TELEPHONE
(943)211-7305 x8176,TELEPHONE
140-192-1026 x0326,TELEPHONE
(837)317-5944,TELEPHONE
036.542.7589,TELEPHONE
1-259-406-2860 x3288,TELEPHONE
987-403-4057 x5075,TELEPHONE
552.197.4868 x97239,TELEPHONE
613-788-5569 x16433,TELEPHONE
1-636-616-9954 x0916,TELEPHONE
679-468-2758 x3207,TELEPHONE
1-314-742-0928,TELEPHONE
095.956.1272,TELEPHONE
746.479.3545,TELEPHONE
(980)475-0974,TELEPHONE
798-283-6645 x511,TELEPHONE
322.239.1178 x62021,TELEPHONE
569.931.3201,TELEPHONE
131.835.9537 x489,TELEPHONE
908.974.5740 x70376,TELEPHONE
416.430.9401,TELEPHONE
1-091-017-3976,TELEPHONE
382-818-3076,TELEPHONE
(686)282-6135 x68379,TELEPHONE
1-651-065-0589,TELEPHONE
1-603-170-5746 x838,TELEPHONE
942-350-2540 x0517,TELEPHONE
209-597-9381 x269,TELEPHONE
(626)657-2255 x1307,TELEPHONE
061-075-3384 x70524,TELEPHONE
890.781.0759 x1897,TELEPHONE
150-407-0815,TELEPHONE
551-557-4084 x1894,TELEPHONE
1-052-377-9523 x34900,TELEPHONE
919.399.0418,TELEPHONE
474-655-1352 x3516,TELEPHONE
1-391-677-5727 x868,TELEPHONE
(585)503-8775 x026,TELEPHONE
1-870-113-5943 x247,TELEPHONE
517-525-3653,TELEPHONE
747-861-4078 x2933,TELEPHONE
136.761.0666,TELEPHONE
020.987.0335,TELEPHONE
1-720-556-1767 x6329,TELEPHONE
316.867.5518 x02216,TELEPHONE
(107)168-8127 x882,TELEPHONE
855-582-2750,TELEPHONE
526.210.8722,TELEPHONE
097-363-0677,TELEPHONE
1-548-402-0528,TELEPHONE
1-895-947-3128,TELEPHONE
1-212-727-2066 x2748,TELEPHONE
(609)291-0879 x86818,TELEPHONE
478.238.7838 x42682,TELEPHONE
941-842-1471 x78239,TELEPHONE
619.242.5224,TELEPHONE
893.718.0211 x7602,TELEPHONE
373.260.2170 x4057,TELEPHONE
1-812-757-7069,TELEPHONE
1-262-031-5093,TELEPHONE
541-837-4110,TELEPHONE
1-454-788-7916,TELEPHONE
002-675-7487 x03235,TELEPHONE
1-872-492-3758,TELEPHONE
1-400-250-2069 x958,TELEPHONE
(036)708-2876,TELEPHONE
581-379-5600 x390,TELEPHONE
923.882.4960 x8235,TELEPHONE
190-907-9002 x24780,TELEPHONE
1-829-577-4639 x98411,TELEPHONE
721-617-2982 x5630,TELEPHONE
(362)515-5544 x25989,TELEPHONE
270.147.4121 x61849,TELEPHONE
(081)974-4014 x515,TELEPHONE
(185)605-0709 x366,TELEPHONE
1-745-287-2382,TELEPHONE
521.560.6385 x5900,TELEPHONE
552-974-6084 x9806,TELEPHONE
(925)730-4303 x2419,TELEPHONE
(548)738-8306 x805,TELEPHONE
480.772.4486 x3333,TELEPHONE
1-040-489-6573 x6167,TELEPHONE
270.972.8402,TELEPHONE
707-657-2382 x2959,TELEPHONE
857.644.7036,TELEPHONE
(429)659-6327,TELEPHONE
352.616.8566 x21023,TELEPHONE
(778)124-2403 x573,TELEPHONE
(361)519-6262,TELEPHONE
023.179.4043 x7835,TELEPHONE
1-834-012-8771 x941,TELEPHONE
476-914-7648,TELEPHONE
351.113.3754 x311,TELEPHONE
(072)281-9197,TELEPHONE
(402)515-5757 x81765,TELEPHONE
1-816-130-4682 x092,TELEPHONE
1-258-255-4057,TELEPHONE
375-267-4605 x970,TELEPHONE
543-579-4458 x267,TELEPHONE
1-853-494-3524,TELEPHONE
709.518.0859 x245,TELEPHONE
819-367-5164,TELEPHONE
854.708.9549 x484,TELEPHONE
1-370-200-0146,TELEPHONE
(596)934-7994 x3571,TELEPHONE
1-076-347-5874 x7139,TELEPHONE
722-868-8626 x2765,TELEPHONE
024.592.2984 x965,TELEPHONE
351-543-0194,TELEPHONE
140.979.7222,TELEPHONE
382-474-9992,TELEPHONE
(371)514-3358 x85955,TELEPHONE
952.518.2524 x08681,TELEPHONE
505.781.6889 x2441,TELEPHONE
(043)844-2713 x70066,TELEPHONE
(570)976-1595 x7760,TELEPHONE
(949)356-1783 x05529,TELEPHONE
(735)017-8067 x488,TELEPHONE
1-156-669-1658 x64254,TELEPHONE
231-383-2006,TELEPHONE
(107)973-9397 x992,TELEPHONE
381-339-1693,TELEPHONE
998.177.2410,TELEPHONE
173.535.3246 x01441,TELEPHONE
(919)075-0669 x7330,TELEPHONE
597.963.1685 x316,TELEPHONE
(003)491-6649 x6353,TELEPHONE
1-622-091-9042 x795,TELEPHONE
328-993-6547,TELEPHONE
1-775-109-0733 x5441,TELEPHONE
735-316-4261 x842,TELEPHONE
520-632-6913,TELEPHONE
(128)446-8612 x2151,TELEPHONE
146-538-4480 x457,TELEPHONE
1-907-052-3983 x84112,TELEPHONE
237-512-7422 x536,TELEPHONE
746.126.5692 x68593,TELEPHONE
840-798-7229 x27622,TELEPHONE
(444)455-6591 x53806,TELEPHONE
1-422-495-4495 x7859,TELEPHONE
700.439.3437 x33636,TELEPHONE
(776)458-2305,TELEPHONE
426-145-4470 x031,TELEPHONE
1-763-143-6952,TELEPHONE
305-379-6382,TELEPHONE
1-765-067-3775,TELEPHONE
(138)275-6584,TELEPHONE
(186)234-9625,TELEPHONE
1-781-165-1814,TELEPHONE
272-573-2481 x467,TELEPHONE
255.455.9063 x6306,TELEPHONE
(043)324-7486 x330,TELEPHONE
1-372-698-9578 x1235,TELEPHONE
(779)636-4641,TELEPHONE
(055)436-1394 x028,TELEPHONE
278.990.2402,TELEPHONE
1-659-227-2611,TELEPHONE
1-490-740-5242,TELEPHONE
417.035.3982 x0706,TELEPHONE
156-136-7343 x7230,TELEPHONE
671-164-6872 x7108,TELEPHONE
946.649.8460 x9275,TELEPHONE
473.778.2819 x9789,TELEPHONE
550-916-9287,TELEPHONE
524.482.2590,TELEPHONE
128-594-4638 x218,TELEPHONE
1-348-203-6354 x886,TELEPHONE
1-227-702-7714,TELEPHONE
(493)061-2455,TELEPHONE
(278)076-7174 x86464,TELEPHONE
572.098.3144 x7051,TELEPHONE
(141)242-4200 x29657,TELEPHONE
(536)508-7142 x326,TELEPHONE
(119)600-3851,TELEPHONE
945-713-8476 x51457,TELEPHONE
1-764-998-8517 x93613,TELEPHONE
1-542-250-4499,TELEPHONE
(925)330-3961 x349,TELEPHONE
1-637-742-9204 x6388,TELEPHONE
228-860-0171 x02105,TELEPHONE
954-720-4133,TELEPHONE
(116)581-7365 x298,TELEPHONE
(718)036-5944 x1565,TELEPHONE
113.876.2099 x5431,TELEPHONE
851.236.1454,TELEPHONE
1-166-924-6626,TELEPHONE
(902)624-3163 x2981,TELEPHONE
(511)167-4333 x858,TELEPHONE
931.977.5390,TELEPHONE
091-472-0743 x9410,TELEPHONE
(003)164-0003 x16526,TELEPHONE
(958)634-3432,TELEPHONE
(184)815-8170,TELEPHONE
1-626-084-7613,TELEPHONE
510-755-2689,TELEPHONE
(995)664-2184 x750,TELEPHONE
435-734-0586 x399,TELEPHONE
099-450-9631 x013,TELEPHONE
492-987-2137,TELEPHONE
1-638-258-8005 x243,TELEPHONE
308-366-4113 x5290,TELEPHONE
1-769-558-0431,TELEPHONE
1-229-538-3835,TELEPHONE
(682)469-6706 x4393,TELEPHONE
1-059-430-3883 x563,TELEPHONE
1-832-471-6302 x289,TELEPHONE
022-655-1575,TELEPHONE
645.467.3271 x04750,TELEPHONE
(878)014-4181 x83434,TELEPHONE
1-135-079-0922 x7492,TELEPHONE
(014)551-4912,TELEPHONE
475-816-1080 x079,TELEPHONE
1-571-163-9938 x9663,TELEPHONE
(181)563-1100 x9668,TELEPHONE
768-825-1913,TELEPHONE
1-908-346-3297,TELEPHONE
819.161.0507,TELEPHONE
1-026-378-2499 x4492,TELEPHONE
1-612-704-7826,TELEPHONE
(244)025-2542 x711,TELEPHONE
137-950-1300,TELEPHONE
927.687.1910 x043,TELEPHONE
(566)858-6223 x3929,TELEPHONE
(347)393-5392,TELEPHONE
(968)826-4018 x996,TELEPHONE
219-305-3407 x6883,TELEPHONE
(399)294-0204 x197,TELEPHONE
(012)703-0853 x037,TELEPHONE
091-768-7115 x1342,TELEPHONE
499-294-8523 x91034,TELEPHONE
(579)818-2764,TELEPHONE
(545)945-2843 x6047,TELEPHONE
396-604-4363,TELEPHONE
410-247-8604 x0781,TELEPHONE
528-765-0476 x8356,TELEPHONE
(721)986-7448 x58898,TELEPHONE
(022)025-8224,TELEPHONE
1-424-719-1094 x572,TELEPHONE
456.164.4436 x83557,TELEPHONE
976-284-1711 x19093,TELEPHONE
570-987-2061,TELEPHONE
084.819.1554 x56569,TELEPHONE
357.246.4387,TELEPHONE
1-935-177-7684,TELEPHONE
(839)482-6768,TELEPHONE
1-778-545-1034,TELEPHONE
359.248.1273,TELEPHONE
1-635-812-3101 x042,TELEPHONE
1-961-949-1818 x64676,TELEPHONE
557-619-9492,TELEPHONE
1-806-992-4546 x92712,TELEPHONE
(647)603-3279 x0047,TELEPHONE
1-694-938-5254,TELEPHONE
896.588.4284 x927,TELEPHONE
(788)138-6907 x5744,TELEPHONE
695.108.9710,TELEPHONE
(505)341-2269,TELEPHONE
1-453-753-4218 x9932,TELEPHONE
490.804.4407 x59964,TELEPHONE
(090)627-6480,TELEPHONE
773-954-9800,TELEPHONE
(821)137-3008,TELEPHONE
672-662-8790 x5784,TELEPHONE
852.216.4040,TELEPHONE
(949)691-2221 x9961,TELEPHONE
1-238-179-9319 x27479,TELEPHONE
853-402-9536,TELEPHONE
242-641-0697 x3442,TELEPHONE
(867)827-5435,TELEPHONE
(117)919-1749 x959,TELEPHONE
872-724-9151 x422,TELEPHONE
(711)509-2823,TELEPHONE
1-508-799-7031 x054,TELEPHONE
800.397.1092 x638,TELEPHONE
1-411-807-3002,TELEPHONE
(668)413-5502 x9931,TELEPHONE
1-759-898-4384 x68264,TELEPHONE
802.043.5070 x6810,TELEPHONE
1-902-786-4769,TELEPHONE
044.675.8253 x439,TELEPHONE
1-377-404-0223 x670,TELEPHONE
577-650-0571 x676,TELEPHONE
1-444-049-4361 x495,TELEPHONE
704-857-5575,TELEPHONE
1-079-185-4609 x622,TELEPHONE
1-529-254-3190 x2480,TELEPHONE
(602)659-5214,TELEPHONE
977.289.4621,TELEPHONE
662-153-2836,TELEPHONE
010.414.2807,TELEPHONE
758-130-4129 x477,TELEPHONE
(640)063-5678 x5115,TELEPHONE
849.541.8694,TELEPHONE
(387)914-7106 x28095,TELEPHONE
356.142.5213,TELEPHONE
580.959.9404,TELEPHONE
(780)400-1509,TELEPHONE
386.483.0935 x8275,TELEPHONE
023.306.4262 x671,TELEPHONE
(559)867-5026,TELEPHONE
1-639-206-2174,TELEPHONE
417.458.2303,TELEPHONE
(780)142-8475 x578,TELEPHONE
1-973-669-0539,TELEPHONE
710-115-9096 x9363,TELEPHONE
(856)802-7821 x810,TELEPHONE
1-581-208-3783 x061,TELEPHONE
1-061-650-0819,TELEPHONE
904-712-2809,TELEPHONE
510-731-9419,TELEPHONE
040-407-2337 x02643,TELEPHONE
635.550.5556 x72794,TELEPHONE
(917)105-6658 x974,TELEPHONE
(010)679-2288,TELEPHONE
1-038-090-8343,TELEPHONE
(368)810-9355 x5362,TELEPHONE
(247)106-7698 x885,TELEPHONE
(203)882-6712,TELEPHONE
1-064-065-5341,TELEPHONE
1-177-971-9023,TELEPHONE
(030)795-7167,TELEPHONE
598-946-1890 x04773,TELEPHONE
900.450.4930 x575,TELEPHONE
(275)642-7310 x60874,TELEPHONE
720.953.2889 x035,TELEPHONE
1-246-618-8507,TELEPHONE
742.958.4805 x760,TELEPHONE
1-615-804-4795 x4488,TELEPHONE
867-747-2560,TELEPHONE
1-203-157-0587 x6499,TELEPHONE
1-947-654-4066,TELEPHONE
1-286-686-3976,TELEPHONE
(335)772-8373 x99914,TELEPHONE
1-029-955-8986 x600,TELEPHONE
1-991-625-1613 x7350,TELEPHONE
1-660-887-4313,TELEPHONE
1-313-810-9679 x46242,TELEPHONE
(658)990-1913,TELEPHONE
(299)440-9602 x0986,TELEPHONE
045-681-0964,TELEPHONE
051.371.3858 x30180,TELEPHONE
518.838.2934 x652,TELEPHONE
037-860-1731 x693,TELEPHONE
(310)503-8117 x203,TELEPHONE
699-958-7435,TELEPHONE
039-685-3907 x540,TELEPHONE
687-263-7036 x820,TELEPHONE
980.211.9297 x331,TELEPHONE
626.238.3279 x66925,TELEPHONE
634.987.1355 x31499,TELEPHONE
035.823.3803 x037,TELEPHONE
(633)814-6000 x2531,TELEPHONE
751-141-4992 x42113,TELEPHONE
1-492-884-6842,TELEPHONE
415.348.2872 x5221,TELEPHONE
(789)918-9443 x92940,TELEPHONE
909.098.8097 x36826,TELEPHONE
931.362.3775 x11947,TELEPHONE
031-386-0220 x767,TELEPHONE
309.583.5734 x61386,TELEPHONE
895.174.7166,TELEPHONE
506-439-9597,TELEPHONE
(670)302-9243 x1053,TELEPHONE
879.491.3709 x2571,TELEPHONE
122.809.4311 x0347,TELEPHONE
1-014-027-3843,TELEPHONE
196-759-0342,TELEPHONE
553.761.5105 x503,TELEPHONE
599-369-4382,TELEPHONE
010-923-8218 x24359,TELEPHONE
788.880.0196 x5475,TELEPHONE
1-863-843-3626 x5971,TELEPHONE
(595)825-5183 x449,TELEPHONE
1-570-063-0068 x7263,TELEPHONE
(770)948-0175 x67296,TELEPHONE
1-296-311-5774,TELEPHONE
1-526-214-7267 x213,TELEPHONE
1-233-310-5552,TELEPHONE
1-232-045-0940,TELEPHONE
1-514-640-0961 x8126,TELEPHONE
036-336-1434 x483,TELEPHONE
(301)436-4979 x085,TELEPHONE
1-900-353-3869,TELEPHONE
622-084-8286 x5761,TELEPHONE
203-560-4577 x152,TELEPHONE
049.702.3259 x235,TELEPHONE
815.502.8409,TELEPHONE
(417)838-7861,TELEPHONE
1-263-352-9914,TELEPHONE
1-917-345-9726,TELEPHONE
609-355-7520,TELEPHONE
(622)816-9440,TELEPHONE
1-341-729-9782,TELEPHONE
891.597.5917 x6342,TELEPHONE
(725)070-3069 x730,TELEPHONE
571.786.2294 x509,TELEPHONE
1-948-406-3568 x120,TELEPHONE
1-655-587-1087 x4172,TELEPHONE
358.695.4481 x67697,TELEPHONE
034.043.5387 x8896,TELEPHONE
308-472-5718 x5626,TELEPHONE
1-930-749-9145 x9706,TELEPHONE
311.204.3365,TELEPHONE
116.073.9039 x0027,TELEPHONE
686-069-0663 x5915,TELEPHONE
987-576-5993 x4940,TELEPHONE
1-037-079-9255 x343,TELEPHONE
(317)635-4134 x210,TELEPHONE
(496)084-6809 x6517,TELEPHONE
149-752-1883 x928,TELEPHONE
949-675-4281,TELEPHONE
608.714.5742,TELEPHONE
1-329-220-4122,TELEPHONE
215-562-3499 x9029,TELEPHONE
291-971-3167,TELEPHONE
(109)912-1850,TELEPHONE
(812)677-9401 x76217,TELEPHONE
418.994.6079,TELEPHONE
052-973-1880,TELEPHONE
535-794-4950 x3220,TELEPHONE
1-447-934-2425,TELEPHONE
313.601.7129 x57109,TELEPHONE
(775)578-2392 x70405,TELEPHONE
223.448.2763,TELEPHONE
537-634-5180,TELEPHONE
288.124.8401,TELEPHONE
992-265-2174 x1227,TELEPHONE
1-665-412-3585,TELEPHONE
1-035-993-5940,TELEPHONE
(303)239-0554 x005,TELEPHONE
1-750-490-3139 x52999,TELEPHONE
750.453.8112 x6833,TELEPHONE
432.529.2433,TELEPHONE
1-097-661-8479 x382,TELEPHONE
1-301-167-0256,TELEPHONE
(727)183-0070,TELEPHONE
631-556-6608,TELEPHONE
019-647-1869 x231,TELEPHONE
(652)992-3230,TELEPHONE
1-694-254-7540 x8498,TELEPHONE
(562)054-7292,TELEPHONE
049-680-0811,TELEPHONE
164.583.8639 x57486,TELEPHONE
1-382-618-0952,TELEPHONE
844-288-1462 x17484,TELEPHONE
1-327-112-3702,TELEPHONE
914-775-3470,TELEPHONE
1-333-641-2990,TELEPHONE
653.225.0317 x91001,TELEPHONE
276.398.1147 x302,TELEPHONE
754.031.0688,TELEPHONE
1-752-654-6058 x5433,TELEPHONE
036.816.1695,TELEPHONE
1-878-584-1348 x7850,TELEPHONE
1-533-729-2428 x800,TELEPHONE
(427)575-5208 x409,TELEPHONE
1-639-781-4890 x2882,TELEPHONE
335.129.3789,TELEPHONE
(406)087-8371 x457,TELEPHONE
(649)562-0032,TELEPHONE
383.563.7611,TELEPHONE
920.889.0234 x989,TELEPHONE
1-250-990-9178,TELEPHONE
913.611.8254,TELEPHONE
839-980-6193 x224,TELEPHONE
1-852-746-6996,TELEPHONE
708-842-4979,TELEPHONE
1-565-052-7895,TELEPHONE
551.671.2442 x92286,TELEPHONE
363.390.1349 x86044,TELEPHONE
662-823-8400 x78775,TELEPHONE
941-131-9282,TELEPHONE
1-304-343-0582,TELEPHONE
040.874.8905,TELEPHONE
1-462-264-1031,TELEPHONE
209-896-6403,TELEPHONE
1-316-216-1832 x963,TELEPHONE
910.598.9037 x0898,TELEPHONE
1-391-678-5361,TELEPHONE
005-020-9139,TELEPHONE
003-380-3955,TELEPHONE
owner,TITLE
manager,TITLE
president,TITLE
director,TITLE
ceo,TITLE
teacher,TITLE
project manager,TITLE
partner,TITLE
principal,TITLE
intern,TITLE
consultant,TITLE
vice president,TITLE
founder,TITLE
general manager,TITLE
student,TITLE
executive,TITLE
administrator,TITLE
sales manager,TITLE
administrative assistant,TITLE
account manager,TITLE
sales associate,TITLE
software engineer,TITLE
retired,TITLE
managing director,TITLE
assistant manager,TITLE
sales,TITLE
chairman,TITLE
coo,TITLE
board member,TITLE
office manager,TITLE
engineer,TITLE
associate,TITLE
supervisor,TITLE
accountant,TITLE
sales representative,TITLE
account executive,TITLE
operations manager,TITLE
chief executive,TITLE
customer service representative,TITLE
gerente,TITLE
executive director,TITLE
cashier,TITLE
realtor,TITLE
professor,TITLE
research assistant,TITLE
executive officer,TITLE
marketing manager,TITLE
business development manager,TITLE
software developer,TITLE
senior consultant,TITLE
sales executive,TITLE
chief executive officer,TITLE
executive assistant,TITLE
attorney,TITLE
registered nurse,TITLE
receptionist,TITLE
store manager,TITLE
member,TITLE
project engineer,TITLE
secretary,TITLE
graphic designer,TITLE
business analyst,TITLE
internship,TITLE
branch manager,TITLE
server,TITLE
analyst,TITLE
customer service,TITLE
senior software engineer,TITLE
principle,TITLE
lecturer,TITLE
designer,TITLE
product manager,TITLE
controller,TITLE
marketing,TITLE
team leader,TITLE
assistant,TITLE
trainee,TITLE
docente,TITLE
manager or supervisor,TITLE
assistant professor,TITLE
cfo,TITLE
marketing director,TITLE
business owner,TITLE
senior manager,TITLE
instructor,TITLE
sales assistant,TITLE
technician,TITLE
teaching assistant,TITLE
project coordinator,TITLE
program manager,TITLE
volunteer,TITLE
auxiliar administrativo,TITLE
sales consultant,TITLE
business manager,TITLE
rn,TITLE
financial analyst,TITLE
religious leader,TITLE
senior project manager,TITLE
production manager,TITLE
co-founder,TITLE
cto,TITLE
,TITLE
researcher,TITLE
web developer,TITLE
managing partner,TITLE
bartender,TITLE
photographer,TITLE
office assistant,TITLE
diretor,TITLE
summer intern,TITLE
senior associate,TITLE
self employed,TITLE
real estate agent,TITLE
finance manager,TITLE
regional sales manager,TITLE
chief financial officer,TITLE
waitress,TITLE
key account manager,TITLE
architect,TITLE
editor,TITLE
marketing intern,TITLE
propietario,TITLE
director of operations,TITLE
english teacher,TITLE
financial advisor,TITLE
driver,TITLE
recruiter,TITLE
human resources manager,TITLE
agent,TITLE
professora,TITLE
paralegal,TITLE
chief operating officer,TITLE
site manager,TITLE
barista,TITLE
associate professor,TITLE
mechanical engineer,TITLE
business development,TITLE
team lead,TITLE
legal assistant,TITLE
design engineer,TITLE
research associate,TITLE
marketing executive,TITLE
developer,TITLE
senior accountant,TITLE
senior engineer,TITLE
administrador,TITLE
marketing assistant,TITLE
nurse,TITLE
vendedor,TITLE
marketing coordinator,TITLE
hr manager,TITLE
system engineer,TITLE
programmer,TITLE
estagirio,TITLE
artist,TITLE
chef,TITLE
it manager,TITLE
administrativo,TITLE
buyer,TITLE
systems engineer,TITLE
senior vice president,TITLE
staff accountant,TITLE
area manager,TITLE
system administrator,TITLE
auditor,TITLE
full,TITLE
electrical engineer,TITLE
network engineer,TITLE
tutor,TITLE
substitute teacher,TITLE
md,TITLE
service manager,TITLE
charge,TITLE
clerk,TITLE
creative director,TITLE
assistente administrativo,TITLE
stagiaire,TITLE
sales engineer,TITLE
regional manager,TITLE
doctor,TITLE
senior account manager,TITLE
lawyer,TITLE
producer,TITLE
management trainee,TITLE
property manager,TITLE
phd student,TITLE
office administrator,TITLE
area sales manager,TITLE
treasurer,TITLE
pastor,TITLE
physician,TITLE
coordinator,TITLE
geschftsfhrer,TITLE
art director,TITLE
sales director,TITLE
electrician,TITLE
information technology manager,TITLE
territory manager,TITLE
purchasing manager,TITLE
district manager,TITLE
educator,TITLE
senior account executive,TITLE
presidente,TITLE
human resources,TITLE
,TITLE
secretaria,TITLE
proprietrio,TITLE
cook,TITLE
associate director,TITLE
none,TITLE
customer service manager,TITLE
pharmacist,TITLE
analista,TITLE
civil engineer,TITLE
bookkeeper,TITLE
officer,TITLE
writer,TITLE
process engineer,TITLE
senior management,TITLE
vendedora,TITLE
security officer,TITLE
gerente comercial,TITLE
hostess,TITLE
team member,TITLE
directeur,TITLE
co-owner,TITLE
trainer,TITLE
staff,TITLE
consultor,TITLE
accounting manager,TITLE
operator,TITLE
employee,TITLE
general/technical,TITLE
independent consultant,TITLE
director of sales,TITLE
superintendent,TITLE
graduate student,TITLE
adjunct professor,TITLE
recepcionista,TITLE
proprietor,TITLE
gerente general,TITLE
senior analyst,TITLE
it consultant,TITLE
finance executive,TITLE
profesor,TITLE
admin,TITLE
graduate research assistant,TITLE
relationship manager,TITLE
contractor,TITLE
personal assistant,TITLE
coach,TITLE
network administrator,TITLE
plant manager,TITLE
insurance agent,TITLE
counselor,TITLE
,TITLE
production assistant,TITLE
data analyst,TITLE
merchandiser,TITLE
medical assistant,TITLE
assistant director,TITLE
assistant store manager,TITLE
journalist,TITLE
lifeguard,TITLE
social worker,TITLE
freelancer,TITLE
crew member,TITLE
boss,TITLE
specialist,TITLE
financial controller,TITLE
advisor,TITLE
case manager,TITLE
program coordinator,TITLE
technical support,TITLE
estagiria,TITLE
broker,TITLE
engineering manager,TITLE
director of marketing,TITLE
technical manager,TITLE
business development executive,TITLE
law clerk,TITLE
it director,TITLE
personal trainer,TITLE
program director,TITLE
business consultant,TITLE
estudante,TITLE
management,TITLE
production supervisor,TITLE
student assistant,TITLE
hr,TITLE
empleado,TITLE
teller,TITLE
recruitment consultant,TITLE
associate consultant,TITLE
co founder,TITLE
advogado,TITLE
interior designer,TITLE
assistant vice president,TITLE
graduate assistant,TITLE
executive vice president,TITLE
pharmacy technician,TITLE
impiegato,TITLE
co owner,TITLE
police officer,TITLE
research intern,TITLE
reporter,TITLE
sales coordinator,TITLE
accounting,TITLE
vp,TITLE
web designer,TITLE
medical doctor,TITLE
waiter,TITLE
systems analyst,TITLE
research analyst,TITLE
marketing specialist,TITLE
entrepreneur,TITLE
sales rep,TITLE
mechanic,TITLE
deputy manager,TITLE
quality engineer,TITLE
truck driver,TITLE
quality manager,TITLE
comercial,TITLE
unemployed,TITLE
technical consultant,TITLE
operations supervisor,TITLE
it specialist,TITLE
operations,TITLE
senior business analyst,TITLE
human resources executive,TITLE
model,TITLE
legal intern,TITLE
captain,TITLE
special education teacher,TITLE
salesman,TITLE
principal consultant,TITLE
account director,TITLE
graduate teaching assistant,TITLE
administrativa,TITLE
owner/operator,TITLE
abogado,TITLE
freelance writer,TITLE
brand manager,TITLE
actor,TITLE
programmer analyst,TITLE
site engineer,TITLE
senior financial analyst,TITLE
grant,TITLE
psychologist,TITLE
senior software developer,TITLE
system analyst,TITLE
shift supervisor,TITLE
personal banker,TITLE
contributor,TITLE
inside sales,TITLE
director of business development,TITLE
technical lead,TITLE
loan officer,TITLE
technical support engineer,TITLE
community manager,TITLE
research scientist,TITLE
faculty,TITLE
ceo & founder,TITLE
contador,TITLE
tecnico,TITLE
systems administrator,TITLE
assistant general manager,TITLE
proprietario,TITLE
legal secretary,TITLE
department manager,TITLE
test engineer,TITLE
gm,TITLE
business,TITLE
warehouse manager,TITLE
service engineer,TITLE
technical director,TITLE
manufacturing engineer,TITLE
resident assistant,TITLE
asistente administrativo,TITLE
accounting assistant,TITLE
machine operator,TITLE
shift manager,TITLE
socio,TITLE
profesora,TITLE
project assistant,TITLE
dentist,TITLE
california,TITLE
human resources benefits director,TITLE
scientist,TITLE
administration,TITLE
associate attorney,TITLE
mortgage broker,TITLE
finance,TITLE
estimator,TITLE
eigenaar,TITLE
titolare,TITLE
field engineer,TITLE
impiegata,TITLE
project leader,TITLE
hr executive,TITLE
analista de sistemas,TITLE
ventas,TITLE
information technology,TITLE
freelance,TITLE
administradora,TITLE
construction manager,TITLE
national sales manager,TITLE
bank teller,TITLE
inside sales representative,TITLE
marketing consultant,TITLE
engineering intern,TITLE
staff nurse,TITLE
caregiver,TITLE
product specialist,TITLE
internal auditor,TITLE
brand ambassador,TITLE
research fellow,TITLE
carpenter,TITLE
finance director,TITLE
assistant project manager,TITLE
translator,TITLE
event coordinator,TITLE
laborer,TITLE
comptable,TITLE
team manager,TITLE
adjunct faculty,TITLE
service technician,TITLE
logistics manager,TITLE
district sales manager,TITLE
physical therapist,TITLE
asst manager,TITLE
commercial manager,TITLE
director general,TITLE
propritaire,TITLE
information technology director,TITLE
musician,TITLE
advogada,TITLE
purchasing agent,TITLE
chief technology officer,TITLE
customer service associate,TITLE
maintenance,TITLE
executive administrative assistant,TITLE
york,TITLE
sales and marketing manager,TITLE
security,TITLE
freelance graphic designer,TITLE
hr assistant,TITLE
mdico,TITLE
foreman,TITLE
admin assistant,TITLE
customer service specialist,TITLE
laboratory technician,TITLE
restaurant manager,TITLE
staff member,TITLE
librarian,TITLE
medico,TITLE
 ,TITLE
flight attendant,TITLE
national account manager,TITLE
senior designer,TITLE
tcnico,TITLE
adjunct instructor,TITLE
production engineer,TITLE
human resources assistant,TITLE
undergraduate research assistant,TITLE
management consultant,TITLE
credit analyst,TITLE
commercial,TITLE
school staff,TITLE
delivery driver,TITLE
sales advisor,TITLE
assistant principal,TITLE
representante comercial,TITLE
author,TITLE
executive chef,TITLE
pilot,TITLE
project director,TITLE
,TITLE
chief engineer,TITLE
dispatcher,TITLE
technical recruiter,TITLE
maintenance manager,TITLE
,TITLE
,TITLE
nanny,TITLE
quality assurance,TITLE
event manager,TITLE
purchasing,TITLE
senior auditor,TITLE
webmaster,TITLE
project lead,TITLE
chef de projet,TITLE
director of human resources,TITLE
estudiante,TITLE
social media manager,TITLE
territory sales manager,TITLE
accounts payable,TITLE
,TITLE
real estate broker,TITLE
customer service rep,TITLE
application engineer,TITLE
sous chef,TITLE
sales specialist,TITLE
stylist,TITLE
senior developer,TITLE
assistant accountant,TITLE
sales agent,TITLE
executive secretary,TITLE
advisory board member,TITLE
financial consultant,TITLE
senior systems engineer,TITLE
field service engineer,TITLE
,TITLE
phd candidate,TITLE
java developer,TITLE
postdoctoral fellow,TITLE
accounting clerk,TITLE
planner,TITLE
operations director,TITLE
maintenance supervisor,TITLE
independent contractor,TITLE
attorney at law,TITLE
inspector,TITLE
chief information officer,TITLE
human resources generalist,TITLE
end developer,TITLE
sr software engineer,TITLE
asistente,TITLE
president and chief executive officer,TITLE
homemaker,TITLE
fellow,TITLE
camp counselor,TITLE
it analyst,TITLE
user interface,TITLE
gerente administrativo,TITLE
banker,TITLE
development manager,TITLE
student worker,TITLE
doctor of medicine,TITLE
account representative,TITLE
front desk receptionist,TITLE
teacher assistant,TITLE
directora,TITLE
underwriter,TITLE
summer associate,TITLE
qa engineer,TITLE
emergency,TITLE
facilities manager,TITLE
quality assurance manager,TITLE
line cook,TITLE
principal engineer,TITLE
account coordinator,TITLE
host,TITLE
application developer,TITLE
empresario,TITLE
program assistant,TITLE
,TITLE
operation manager,TITLE
maintenance technician,TITLE
database administrator,TITLE
logistics coordinator,TITLE
,TITLE
copywriter,TITLE
hr generalist,TITLE
regional director,TITLE
representative,TITLE
student intern,TITLE
production coordinator,TITLE
worker,TITLE
training manager,TITLE
independent distributor,TITLE
customer service supervisor,TITLE
senior executive,TITLE
sergeant,TITLE
marketing associate,TITLE
independent business owner,TITLE
economist,TITLE
director of finance,TITLE
hr business partner,TITLE
portfolio manager,TITLE
it project manager,TITLE
owner-operator,TITLE
technical specialist,TITLE
firefighter,TITLE
senior project engineer,TITLE
summer internship,TITLE
accounts assistant,TITLE
computer operator,TITLE
postdoctoral researcher,TITLE
welder,TITLE
sales supervisor,TITLE
founder & ceo,TITLE
jefe,TITLE
audit manager,TITLE
senior lecturer,TITLE
freelance photographer,TITLE
hr specialist,TITLE
solicitor,TITLE
customer service agent,TITLE
chemist,TITLE
retrait,TITLE
inhaber,TITLE
promoter,TITLE
deputy director,TITLE
vice president of operations,TITLE
comerciante,TITLE
asesor,TITLE
computer technician,TITLE
front desk,TITLE
product engineer,TITLE
corporate secretary,TITLE
medical representative,TITLE
public relations intern,TITLE
communications manager,TITLE
occupational therapist,TITLE
skills,TITLE
trustee,TITLE
quality control,TITLE
senior director,TITLE
human resources director,TITLE
travel consultant,TITLE
senior product manager,TITLE
hair stylist,TITLE
science teacher,TITLE
call,TITLE
coordenador de,TITLE
hr consultant,TITLE
it technician,TITLE
data entry,TITLE
front desk agent,TITLE
student ambassador,TITLE
abogada,TITLE
assistant controller,TITLE
,TITLE
maintenance engineer,TITLE
associate software engineer,TITLE
administrative officer,TITLE
arquitecto,TITLE
coordenador,TITLE
human resources coordinator,TITLE
gerant,TITLE
senior sales executive,TITLE
dental assistant,TITLE
supply chain manager,TITLE
administrative coordinator,TITLE
apprentice,TITLE
senior buyer,TITLE
security guard,TITLE
massage therapist,TITLE
accounts manager,TITLE
avvocato,TITLE
blogger,TITLE
service advisor,TITLE
housekeeper,TITLE
technical writer,TITLE
nurse practitioner,TITLE
general counsel,TITLE
lead engineer,TITLE
motorista,TITLE
mentor,TITLE
practice manager,TITLE
front office manager,TITLE
engenheiro,TITLE
certified nursing assistant,TITLE
therapist,TITLE
atendente,TITLE
project officer,TITLE
assistante de direction,TITLE
software test engineer,TITLE
chef d'entreprise,TITLE
senior graphic designer,TITLE
managing editor,TITLE
comprador,TITLE
associate manager,TITLE
publisher,TITLE
empleada,TITLE
accounting intern,TITLE
warehouse worker,TITLE
stage,TITLE
programador,TITLE
director of development,TITLE
human resource manager,TITLE
trader,TITLE
human resources specialist,TITLE
insegnante,TITLE
psicloga,TITLE
assistant engineer,TITLE
scio,TITLE
dueo,TITLE
commercial director,TITLE
operations executive,TITLE
housewife,TITLE
lean,TITLE
vice president of sales,TITLE
operations coordinator,TITLE
technical support specialist,TITLE
start,TITLE
,TITLE
advocate,TITLE
structural engineer,TITLE
director of sales and marketing,TITLE
asesor comercial,TITLE
president & ceo,TITLE
financial manager,TITLE
financial accountant,TITLE
freelance designer,TITLE
logistics,TITLE
research engineer,TITLE
shop assistant,TITLE
senior scientist,TITLE
scio proprietrio,TITLE
quantity surveyor,TITLE
director comercial,TITLE
information technology specialist,TITLE
assistant branch manager,TITLE
gerente de ventas,TITLE
country manager,TITLE
export manager,TITLE
owner operator,TITLE
gerente de vendas,TITLE
financial representative,TITLE
hr officer,TITLE
senior sales manager,TITLE
consultora,TITLE
founder and ceo,TITLE
operaio,TITLE
head coach,TITLE
secretria,TITLE
staff engineer,TITLE
senior system engineer,TITLE
  ,TITLE
credit manager,TITLE
medical director,TITLE
production,TITLE
painter,TITLE
business development director,TITLE
encargado,TITLE
diretora,TITLE
prsident,TITLE
independiente,TITLE
empresas,TITLE
salesperson,TITLE
warehouse supervisor,TITLE
procurement manager,TITLE
administratief medewerker,TITLE
investigator,TITLE
chief marketing officer,TITLE
technicien,TITLE
public relations,TITLE
quality assurance engineer,TITLE
tax manager,TITLE
tech,TITLE
senior advisor,TITLE
software development engineer,TITLE
executive producer,TITLE
solutions architect,TITLE
visual merchandiser,TITLE
audit senior,TITLE
auxiliar,TITLE
kindergarten teacher,TITLE
project administrator,TITLE
fisioterapeuta,TITLE
customer service officer,TITLE
quality analyst,TITLE
autonomo,TITLE
legal counsel,TITLE
field service technician,TITLE
surveyor,TITLE
finance intern,TITLE
proprietrio(a),TITLE
facilities/plant director,TITLE
hr coordinator,TITLE
paraprofessional,TITLE
office coordinator,TITLE
licensed realtor,TITLE
business developer,TITLE
staff writer,TITLE
 ,TITLE
sales support,TITLE
directeur gnral,TITLE
assistant teacher,TITLE
professeur,TITLE
engineering technician,TITLE
broker associate,TITLE
tour guide,TITLE
president/ceo,TITLE
board of directors,TITLE
assistante commerciale,TITLE
assistente,TITLE
ejecutivo de ventas,TITLE
lab technician,TITLE
contadora,TITLE
positions,TITLE
support engineer,TITLE
site supervisor,TITLE
retail sales associate,TITLE
chief accountant,TITLE
account supervisor,TITLE
vendas,TITLE
operations analyst,TITLE
administrative manager,TITLE
it support,TITLE
ingeniero,TITLE
quality assurance analyst,TITLE
data scientist,TITLE
work experience,TITLE
stagiair,TITLE
technical assistant,TITLE
physician assistant,TITLE
sales administrator,TITLE
enfermera,TITLE
nutricionista,TITLE
enseignant,TITLE
self-employed,TITLE
board of trustees member,TITLE
math teacher,TITLE
junior engineer,TITLE
sales and marketing,TITLE
engineering,TITLE
consultor de vendas,TITLE
management accountant,TITLE
training coordinator,TITLE
paramedic,TITLE
student teacher,TITLE
cleaner,TITLE
self,TITLE
,TITLE
service delivery manager,TITLE
chairman of the board,TITLE
distributor,TITLE
sr project manager,TITLE
retail manager,TITLE
teaching,TITLE
psicologa,TITLE
technical analyst,TITLE
mechanical design engineer,TITLE
safety officer,TITLE
enfermeira,TITLE
accounts payable specialist,TITLE
director of engineering,TITLE
coordinador,TITLE
finance officer,TITLE
deputy general manager,TITLE
service coordinator,TITLE
customer service advisor,TITLE
it engineer,TITLE
associate broker,TITLE
junior consultant,TITLE
managing consultant,TITLE
communications specialist,TITLE
physiotherapist,TITLE
praktikant,TITLE
farmer,TITLE
library assistant,TITLE
music teacher,TITLE
facility manager,TITLE
various,TITLE
cajera,TITLE
laboratory assistant,TITLE
vendeuse,TITLE
director of information technology,TITLE
compliance officer,TITLE
contracts manager,TITLE
founding partner,TITLE
digital marketing manager,TITLE
undergraduate researcher,TITLE
operations specialist,TITLE
duty manager,TITLE
custodian,TITLE
client services manager,TITLE
pasante,TITLE
outside sales representative,TITLE
sr manager,TITLE
machinist,TITLE
private tutor,TITLE
sales officer,TITLE
workforce,TITLE
imprenditore,TITLE
graphic artist,TITLE
field technician,TITLE
graphic design intern,TITLE
unternehmensinhaber,TITLE
outros,TITLE
maestra,TITLE
preschool teacher,TITLE
travel agent,TITLE
management assistant,TITLE
senior program manager,TITLE
senior,TITLE
senior recruiter,TITLE
ambassador,TITLE
managing member,TITLE
solution architect,TITLE
editor in chief,TITLE
software architect,TITLE
diretor comercial,TITLE
audit associate,TITLE
marketing analyst,TITLE
geologist,TITLE
senior network engineer,TITLE
engenheiro civil,TITLE
project architect,TITLE
contract manager,TITLE
human resources intern,TITLE
president chief executive officer,TITLE
auxiliar de escritrio,TITLE
vice president operations,TITLE
ambiental,TITLE
cio,TITLE
service,TITLE
crew,TITLE
design intern,TITLE
accounts,TITLE
company director,TITLE
industrial engineer,TITLE
counsel,TITLE
assistant editor,TITLE
associate producer,TITLE
financial planner,TITLE
analista de recursos humanos,TITLE
hr administrator,TITLE
specialized medical practice,TITLE
concierge,TITLE
customer service assistant,TITLE
secrtaire,TITLE
shift leader,TITLE
projektleiter,TITLE
outside sales,TITLE
sales account manager,TITLE
mortgage loan officer,TITLE
art teacher,TITLE
administrative secretary,TITLE
it administrator,TITLE
analista de suporte,TITLE
audit assistant,TITLE
retmen,TITLE
chef de partie,TITLE
school counselor,TITLE
dependienta,TITLE
san francisco,TITLE
editorial intern,TITLE
diseador grfico,TITLE
mathematics teacher,TITLE
parts manager,TITLE
video editor,TITLE
category manager,TITLE
r&d engineer,TITLE
group leader,TITLE
senior design engineer,TITLE
pair,TITLE
auxiliar contable,TITLE
assistant coach,TITLE
regional vice president,TITLE
enseignante,TITLE
freelance translator,TITLE
operador,TITLE
operations assistant,TITLE
bar manager,TITLE
senior administrative assistant,TITLE
fresher,TITLE
junior accountant,TITLE
program analyst,TITLE
speech language pathologist,TITLE
chair,TITLE
pharmacy intern,TITLE
office clerk,TITLE
vice-president,TITLE
general sales manager,TITLE
php developer,TITLE
vice president sales,TITLE
payroll specialist,TITLE
development engineer,TITLE
contract administrator,TITLE
senior pastor,TITLE
lab assistant,TITLE
baker,TITLE
marketing officer,TITLE
architetto,TITLE
technical project manager,TITLE
communications intern,TITLE
accounts executive,TITLE
regional account manager,TITLE
assistente comercial,TITLE
head chef,TITLE
accounts receivable,TITLE
analyst programmer,TITLE
product marketing manager,TITLE
supervisora,TITLE
business development consultant,TITLE
commerciale,TITLE
sales & marketing manager,TITLE
assistant sales manager,TITLE
registrar,TITLE
geometra,TITLE
owner/manager,TITLE
lieutenant,TITLE
unit manager,TITLE
clinical research associate,TITLE
senior sales representative,TITLE
assistant property manager,TITLE 