Text,Type
zgcmnet.net,DOMAIN
portsmouthnhhistoricalbiketours.com,DOMAIN
thejoystickjockeys.com,DOMAIN
bocacopierservice.com,DOMAIN
wondercookers.com,DOMAIN
rockysavage.com,DOMAIN
sixthjnumber.top,DOMAIN
pubeventsfinder.co.uk,DOMAIN
howtochooseafinancialadvisor.org,DOMAIN
digicam.org,DOMAIN
sommerbekleidung.de,DOMAIN
subaru-sachsen.de,DOMAIN
harryhoptoad.com,DOMAIN
grandhotelnatura.nl,DOMAIN
granadaholding.com,DOMAIN
nexus13.co.jp,DOMAIN
acornsf4b.co.uk,DOMAIN
richard-pugh.com,DOMAIN
lackawannalandbank.info,DOMAIN
meimeijiang.com,DOMAIN
dnapoint.com,DOMAIN
egconcreteconstruction.com,DOMAIN
338800.uk,DOMAIN
rebeccashealthcare.com,DOMAIN
combsandcompany.com,DOMAIN
universlavie.org,DOMAIN
hvhv.info,DOMAIN
freetogames.com,DOMAIN
cottageseniorcare.com,DOMAIN
eleaners.nl,DOMAIN
produkyaman.com,DOMAIN
limousineservicehiddenhills.com,DOMAIN
inspectionsbyreferral.com,DOMAIN
steinsiek-elektrotechnik.de,DOMAIN
tapizadosraga.com,DOMAIN
theprestigeauto.com,DOMAIN
brinem.ru,DOMAIN
alznwmimags.com,DOMAIN
sensfragrance.eu,DOMAIN
locksmithalton.com,DOMAIN
pelagosconstruction.com,DOMAIN
ffcu.uk,DOMAIN
061599.xyz,DOMAIN
retailfarma.com,DOMAIN
ecpalaganas.com,DOMAIN
qq-sy.com,DOMAIN
giliislandsdiving.tk,DOMAIN
voleracademy.ca,DOMAIN
hotelacquaverdegenova.info,DOMAIN
wrtqk.com,DOMAIN
getviolent.com,DOMAIN
81886.win,DOMAIN
02680.us,DOMAIN
perditaphillips.nl,DOMAIN
renrenbang.io,DOMAIN
littlemedia.site,DOMAIN
inwardgaze.org,DOMAIN
nomads-cloud.net,DOMAIN
uniglobalone.com,DOMAIN
gjqss.loan,DOMAIN
coldstonemilltown.com,DOMAIN
oyun7.co,DOMAIN
westvirginiaoutdoors.com,DOMAIN
ishopdavie.com,DOMAIN
pulau-tioman.de,DOMAIN
make-your-own.com,DOMAIN
golfblackmoor.com,DOMAIN
farinedinsecte.com,DOMAIN
orovigo.es,DOMAIN
classdelta.com,DOMAIN
prismaplatten.de,DOMAIN
steamwash.fr,DOMAIN
aviland.hu,DOMAIN
uspreadit.net,DOMAIN
aprillash.net,DOMAIN
school.report,DOMAIN
kentuckyrockersbaseball.com,DOMAIN
eq-101.uk,DOMAIN
testedevocacao.com.br,DOMAIN
goodwoodbooking.com,DOMAIN
wolunwogan.org,DOMAIN
thebloomcondo.com,DOMAIN
outdoorlifecoaching.nl,DOMAIN
algonquinmoulding.br,DOMAIN
mervynjonesdrivertraining.co.uk,DOMAIN
manyvids.club,DOMAIN
esasolar.mx,DOMAIN
iniciativa.si,DOMAIN
vendifoodmagazine.net,DOMAIN
urbanshowprep.com,DOMAIN
thegroveatgeorgetown.com,DOMAIN
xn--kibrisuakbileti-kmb.com,DOMAIN
mwautomotive.net,DOMAIN
ocgolfcars.tk,DOMAIN
flashear-consolas.com,DOMAIN
downloadbrnamj.io,DOMAIN
atsm.ir,DOMAIN
395318.xyz,DOMAIN
multicards-gold.com,DOMAIN
fxnetworks.cn,DOMAIN
fluidservice.nl,DOMAIN
bylinda.se,DOMAIN
isar.eu,DOMAIN
nami-hari.com,DOMAIN
neumuehle.ch,DOMAIN
humanesocietymiami.org,DOMAIN
tamara-wakonig.de,DOMAIN
essentialmanskills.com,DOMAIN
settosoiree.com,DOMAIN
sudabeh.com,DOMAIN
pmconstructora.com,DOMAIN
upfollowz.xyz,DOMAIN
onboardwebapp.com,DOMAIN
carebeauty.biz,DOMAIN
topbrass.org,DOMAIN
overlandparkpetdaycare.com,DOMAIN
xlrz0633.com,DOMAIN
zhenggongfang.cn,DOMAIN
plastichollowboard.net,DOMAIN
iphonecare.vn,DOMAIN
balken.eu,DOMAIN
xn--5nq2vl4o5y6b8ub.com,DOMAIN
hirotravel.com,DOMAIN
b4reality.sk,DOMAIN
banquetesadale.com.mx,DOMAIN
incaloja.com,DOMAIN
dooren.net,DOMAIN
xn--gm4a.com,DOMAIN
shengbofa08.com,DOMAIN
applicationcitygrab.com,DOMAIN
leanxtreme.com,DOMAIN
firegift.tk,DOMAIN
flagshipcommercial.uk,DOMAIN
navegaybucea.es,DOMAIN
prepaid-plan.com,DOMAIN
g2log.com,DOMAIN
dengesizkalem.com,DOMAIN
xn--80abhecmlevpfeeajvm5p.xn--p1ai,DOMAIN
forumeng-koriyama.jp,DOMAIN
lfs120.cn,DOMAIN
carriejamrogowicz.com,DOMAIN
isikcatiustasi.com,DOMAIN
cakedepositor.com,DOMAIN
7brg.de,DOMAIN
gfnl.xin,DOMAIN
palmbeachshoulder.net,DOMAIN
news2748e.ru,DOMAIN
wigger.nu,DOMAIN
rosevibe.me.uk,DOMAIN
nutsunion.com,DOMAIN
bmw-richoz.ch,DOMAIN
caiwanzhenn.cn,DOMAIN
sammelzubehoer.de,DOMAIN
theolivebranchpub.net,DOMAIN
yoursalesonsteroids.com,DOMAIN
lnsmw.xyz,DOMAIN
iccvbo.com,DOMAIN
yunshikuang.com,DOMAIN
hattenjack.com,DOMAIN
24hourmacwifi.com,DOMAIN
katmayers.com,DOMAIN
xn--gckgs3czfwdwb2b7kc6483f0oak30cwx0bqw1h.xyz,DOMAIN
100ml.eu,DOMAIN
pbmpdx.com,DOMAIN
factoryoutletspas.nl,DOMAIN
nfld.net,DOMAIN
frioclim.com,DOMAIN
villabrughiera.at,DOMAIN
kouseisha-syuukatu.com,DOMAIN
sequoialistens.com,DOMAIN
tglg.xyz,DOMAIN
r5dhl.pw,DOMAIN
ctqq.org,DOMAIN
evolvesoccertraining.com,DOMAIN
xbnfq.com,DOMAIN
a42177ylc.com,DOMAIN
jiexunzn.eu,DOMAIN
wind-energie.nl,DOMAIN
lapidaries.com.au,DOMAIN
pqfxt.com,DOMAIN
mycitydailydeals.com,DOMAIN
dagroupinc.com,DOMAIN
femag.com.br,DOMAIN
naturburschen.xyz,DOMAIN
ye-jiang.com,DOMAIN
authorseditors.cn,DOMAIN
m-zdorov.ru,DOMAIN
karonbeachresort-spa.com,DOMAIN
accademiaolearia.com,DOMAIN
amhtech.ca,DOMAIN
howtomakemusic.org,DOMAIN
lisarachelle.net,DOMAIN
thetruethem.com,DOMAIN
21stcenturyclothes.com,DOMAIN
hanghaiwang.xyz,DOMAIN
paperpotty.org,DOMAIN
donnaconway.com,DOMAIN
zoomediagroup.com,DOMAIN
lexusteeside.co.uk,DOMAIN
my-usedit.com,DOMAIN
sian-irvine.com,DOMAIN
staysuffolkli.com,DOMAIN
mp3onmyphone.com,DOMAIN
studentjobbet.se,DOMAIN
environmentallyfriendlycleaningproducts.ca,DOMAIN
magictime.ro,DOMAIN
tamzentemple.com.au,DOMAIN
atelier-andrea-daffner.de,DOMAIN
vip-hochzeitsfotografie.com,DOMAIN
dafisapunar.com,DOMAIN
neubauer-touristik.com,DOMAIN
tiptopcars.co.uk,DOMAIN
368833.xyz,DOMAIN
makeyourlookyourown.com,DOMAIN
thelocalbulletin.news,DOMAIN
josemanuelsantiago.com,DOMAIN
comuniazo.de,DOMAIN
riponplazabowl.com,DOMAIN
ourglutenfreeifinder.info,DOMAIN
ftc-japan.co.jp,DOMAIN
jizzbob.trade,DOMAIN
beavertonpick.uk,DOMAIN
hernalser-kulturkreis.at,DOMAIN
blendedlearningcompany.com,DOMAIN
xn--e-ol8a3n88crw4df7ddoy.com,DOMAIN
jordandemocraticparty.info,DOMAIN
restorenaturally.com.au,DOMAIN
joypool.de,DOMAIN
recensiequeens.net,DOMAIN
srisaa.com,DOMAIN
qiyu007.com,DOMAIN
belleplusbeau.com,DOMAIN
thebuyersmart.com,DOMAIN
kimstadlerphotography.com,DOMAIN
locabiotal.br,DOMAIN
theweirs.co.uk,DOMAIN
epcportal.cn,DOMAIN
transportwestmidlands.co.uk,DOMAIN
semanticui.net,DOMAIN
localesenmadrid.com,DOMAIN
outdoor-trends.biz,DOMAIN
sommerloch-bs.de,DOMAIN
jikecps.com,DOMAIN
392291.wang,DOMAIN
kal-tech.pl,DOMAIN
myjorg.com,DOMAIN
bompi.info,DOMAIN
folhadenoticias.com.br,DOMAIN
guests.eu,DOMAIN
csblstar.com,DOMAIN
simbrella.info,DOMAIN
hljzzhzls.com,DOMAIN
artfestpaltinis.ro,DOMAIN
googleadsensepackage.tk,DOMAIN
iridescentmedia.info,DOMAIN
puurfysio.nl,DOMAIN
highfrequencywordlist.com,DOMAIN
massage-shiatsu-metz.com,DOMAIN
lackblech.de,DOMAIN
sportotobet54.com,DOMAIN
bet365365tiyutouzhu.date,DOMAIN
mrh4op9olm46m.club,DOMAIN
airrobics.com,DOMAIN
winterjassenheren.nl,DOMAIN
werrolling.com,DOMAIN
dolphinbuilding.net,DOMAIN
naiahealingarts.com,DOMAIN
phantomtek.info,DOMAIN
lancia-groupaparts.com,DOMAIN
construcaoereforma-areni.com.br,DOMAIN
betaplastic.eu,DOMAIN
toxypharm.info,DOMAIN
cubadvisor.biz,DOMAIN
jiuzhouyl.com,DOMAIN
fndwhat.us,DOMAIN
smartgreeninvestments.com,DOMAIN
shefindsit.tk,DOMAIN
6047my.cn,DOMAIN
concrete-gmbh.com,DOMAIN
pautoo.info,DOMAIN
refletindodeus.net,DOMAIN
monmedecintraitant.com,DOMAIN
theandalusian.com.au,DOMAIN
pj9xx.date,DOMAIN
2qtfruit.com,DOMAIN
tanie-spanie.eu,DOMAIN
788398.com,DOMAIN
thescienceofhealth.com,DOMAIN
patrickblake.co.uk,DOMAIN
riversidepark.at,DOMAIN
noobits.com,DOMAIN
nlymirvinenorth.org,DOMAIN
webuy4sale.com,DOMAIN
stockwars.us,DOMAIN
ubuyer.co.uk,DOMAIN
sipstahoecity.com,DOMAIN
clinger.nl,DOMAIN
yourbusinesslawyer.ca,DOMAIN
vinsdusud.com,DOMAIN
238897.win,DOMAIN
vns365r.net,DOMAIN
gogear.co,DOMAIN
luftikuss.net,DOMAIN
ezdipper.com,DOMAIN
epitmeny.hu,DOMAIN
mahtomedigardenclub.org,DOMAIN
weddingplanningbookreview.com,DOMAIN
kurzypromanazery.cz,DOMAIN
michaelrhys.com,DOMAIN
tradocs.net,DOMAIN
broadimpacts.com,DOMAIN
ihara-en.com,DOMAIN
youmakeadifferance.tk,DOMAIN
elycursillo.co.uk,DOMAIN
paisanoscasas.com,DOMAIN
252fanates.co.com,DOMAIN
188158.org,DOMAIN
cthomeloans.net,DOMAIN
babejoeyestatesales.com,DOMAIN
vehicleinsurancepolicy.com,DOMAIN
tipsupcafeellicottville.com,DOMAIN
rkqr.win,DOMAIN
217025.xyz,DOMAIN
bestchildproofingproducts.com,DOMAIN
ampexcavation.com,DOMAIN
szxrz.com,DOMAIN
teahost.com,DOMAIN
turkiyasla.com,DOMAIN
festivaltours.co.uk,DOMAIN
41747c6op.biz,DOMAIN
xn--cafe-9r9g413df2i3i1b1fo2gmitn.xyz,DOMAIN
redzspeedshop.com,DOMAIN
winconstruction.us,DOMAIN
googleplayforum.net,DOMAIN
luxvideos.co,DOMAIN
getblastxl.com,DOMAIN
vitoindustry.com,DOMAIN
jewishcreativity.net,DOMAIN
cnc-music.net,DOMAIN
zgjlcd.com,DOMAIN
goldenstorage.com.br,DOMAIN
chunichi-para.jp,DOMAIN
imbuedproductions.com,DOMAIN
kumarinet.cn,DOMAIN
kass.com,DOMAIN
seventyeightyninety.com,DOMAIN
rumju.bid,DOMAIN
cberner.com,DOMAIN
snshr.com,DOMAIN
rongyishou.loan,DOMAIN
xn----8sbalhasbh9ahbi6a2ae.xn--p1acf,DOMAIN
rabbitebook.com,DOMAIN
cottagestay.co.uk,DOMAIN
tribratanewstasikmalaya.com,DOMAIN
bianzhao.com,DOMAIN
nattynames.com,DOMAIN
cnqf.ren,DOMAIN
73573.vip,DOMAIN
boutiqueluxxa.tk,DOMAIN
zdesign.com.au,DOMAIN
craigbullockagency.com,DOMAIN
fortressa.com,DOMAIN
schlosspark-unterleinleiter.de,DOMAIN
sfkfn.com,DOMAIN
versionna.com,DOMAIN
solarempire.tours,DOMAIN
problemfreebri.de.com,DOMAIN
kmrgjx.com,DOMAIN
deine-frage.com,DOMAIN
chocobin.com,DOMAIN
vashremont.club,DOMAIN
cinemas.sexy,DOMAIN
watnapp.nl,DOMAIN
cosmonavtica.spb.ru,DOMAIN
w1001.ru,DOMAIN
sunnah-marriage.com,DOMAIN
jenniferrydindesigns.com,DOMAIN
arabic-markets.com,DOMAIN
top-rank.com.cn,DOMAIN
hydroprintingequipment.com,DOMAIN
realestatewithbasilia.com,DOMAIN
erfolgsag.eu,DOMAIN
compakpkg.com,DOMAIN
verifairmail.com,DOMAIN
ykeq.wang,DOMAIN
understandingcars.com,DOMAIN
985078.xyz,DOMAIN
thecopenhagenoffice.dk,DOMAIN
entrepreneursatlaw.com,DOMAIN
dbm.company,DOMAIN
copefarmswildlifepreserve.eu,DOMAIN
bfxk.com,DOMAIN
tutordaniel.com,DOMAIN
middelman.com,DOMAIN
saatchi.mobi,DOMAIN
executive-information-services.de,DOMAIN
kotydomowe.nl,DOMAIN
clickerbook.com,DOMAIN
datasnap.de,DOMAIN
gorodsamara.org,DOMAIN
hokkura.jp,DOMAIN
horfergroup.com,DOMAIN
firstnationspri.de.com,DOMAIN
app-collector.tk,DOMAIN
jolinee-design.com,DOMAIN
nailswithlove.cz,DOMAIN
jenmarie-photography.com,DOMAIN
artists-plus.net,DOMAIN
impresapulizielaperla.info,DOMAIN
firewoodnewyorkposters.store,DOMAIN
hnk007.com,DOMAIN
tatnewsthai.org,DOMAIN
uredfund.org,DOMAIN
bronwealth.biz,DOMAIN
tcpcs.com,DOMAIN
m9438.cn,DOMAIN
carpet-shop-barnsley.co.uk,DOMAIN
rainboway.com,DOMAIN
pepcontractslimited.co.uk,DOMAIN
motorgp.org,DOMAIN
wrain.cn,DOMAIN
nestinterior.no,DOMAIN
amicook.co.kr,DOMAIN
germenosboutique.com,DOMAIN
cme-es.com,DOMAIN
psyvise.com,DOMAIN
breakingbreadct.com,DOMAIN
difimmo.de,DOMAIN
originshypnosis.com,DOMAIN
bigzhi.ro.com,DOMAIN
htwjf.com,DOMAIN
justcreate.xyz,DOMAIN
djdnf.com,DOMAIN
jcomputerpro.net,DOMAIN
jenniferscleaningdfw.com,DOMAIN
jtxy.xyz,DOMAIN
capitalforconstruction.net,DOMAIN
coracommealamaison.fr,DOMAIN
mngtf.pw,DOMAIN
ahiru.asia,DOMAIN
asianmigrantcentre.org,DOMAIN
norwegiansearch.com,DOMAIN
blackhillsflavoredhoney.net,DOMAIN
alhakeema.com,DOMAIN
fullcirclephilanthropy.mobi,DOMAIN
trendsettersdental.net,DOMAIN
gorillabar.nl,DOMAIN
reddeervillarvranch.com,DOMAIN
creativeoptics.com.mx,DOMAIN
questioned.co.uk,DOMAIN
200r.ru,DOMAIN
greenvillevideogameparties.com,DOMAIN
0ri7.loan,DOMAIN
47607.org,DOMAIN
vinylletteringequipment.uk,DOMAIN
yemajiaoyi.com,DOMAIN
sechzigplus.net,DOMAIN
hilltopcorp.tk,DOMAIN
turktedarikportali.com,DOMAIN
lcp.lu,DOMAIN
iopnewportbeach.com,DOMAIN
xwhl.com,DOMAIN
greekarts.com,DOMAIN
dehoogvliegers.nl,DOMAIN
whtvh.com,DOMAIN
norreurope.com,DOMAIN
theideacure.com,DOMAIN
findgaragesale.info,DOMAIN
itietogo.org,DOMAIN
yucelyagizoglu.ca,DOMAIN
movesos.eu,DOMAIN
ankern.at,DOMAIN
stmconfo.com,DOMAIN
elizaandethan.com,DOMAIN
resolvenet.com,DOMAIN
dndy.net.cn,DOMAIN
globaltopspeakers.com,DOMAIN
ukmp3song.com,DOMAIN
icinga-konferenz.de,DOMAIN
excellent-wisdom-to-ownpushingforth.info,DOMAIN
glazer.com.tr,DOMAIN
csgomaster.com,DOMAIN
jbchemconsulting.com,DOMAIN
bestconcealedcarrypursestore.com,DOMAIN
military-medical-cases.com,DOMAIN
percayakah.com,DOMAIN
ormycjmncs.top,DOMAIN
xn--l-jeuqci9dtoo57sg68a.xyz,DOMAIN
telefonsex-thai-girls.de,DOMAIN
jeweleryindia.com,DOMAIN
homcaresf.uk,DOMAIN
diaryofa50yearoldculinarystudent.com,DOMAIN
novanova.co.kr,DOMAIN
locksmith-phoenix.com,DOMAIN
perfectplus.co.il,DOMAIN
chlopcyzplacubroni.pl,DOMAIN
statsprofessor.com,DOMAIN
unitedengineeringworks.com,DOMAIN
rankitlocalseo.info,DOMAIN
micro-contact.com,DOMAIN
herekittykitty.biz,DOMAIN
newyorksneaker.com,DOMAIN
dvnz.site,DOMAIN
montbarc.net,DOMAIN
intelwizard.com,DOMAIN
nick-beim.net,DOMAIN
oldetowneproperties.com,DOMAIN
lohmar-zahnarzt.center,DOMAIN
dienstleistungsmarketing-blog.de,DOMAIN
clq.space,DOMAIN
chirobiomechanics.com,DOMAIN
cumoa.net,DOMAIN
jersey-boys-theatre-breaks.com,DOMAIN
youlabpay.com,DOMAIN
ibjs.org,DOMAIN
victoriaparivar.org,DOMAIN
liesbethkradolfer.nl,DOMAIN
mainecoonadoptions.nl,DOMAIN
francobocchi.it,DOMAIN
yzgslvshi.com,DOMAIN
deouderemedewerker.nl,DOMAIN
leasexpertz.com,DOMAIN
filmplakat.de,DOMAIN
jabberwiki.org,DOMAIN
821639.win,DOMAIN
ians.es,DOMAIN
adriennefashions1.com,DOMAIN
sadistic-bdsm.com,DOMAIN
consumidor.gob.mx,DOMAIN
cintronlaw.com,DOMAIN
666bmw.net.cn,DOMAIN
wuqz18.co.cc,DOMAIN
newguyattheoffice.com,DOMAIN
personalprofil.eu,DOMAIN
sementibiologiche.eu,DOMAIN
gemeinschaft50plus.de,DOMAIN
mykasmischief.com,DOMAIN
activityphoto.com,DOMAIN
ringtonehell.co.uk,DOMAIN
orsay.sex,DOMAIN
faulknerinsurance.uk,DOMAIN
niibori-school.com,DOMAIN
cleaningwithrobots.com,DOMAIN
reuszc.top,DOMAIN
wuehr.de,DOMAIN
svgbychristysingvong.com,DOMAIN
studiawniemczech.org,DOMAIN
pedalboat.xyz,DOMAIN
xiazai18.com,DOMAIN
clintandkristie.com,DOMAIN
jibuei.loan,DOMAIN
322356.net,DOMAIN
barewoodhouse-hub.com,DOMAIN
pianofortefest.de,DOMAIN
kpwhz.top,DOMAIN
metodomerenda.com,DOMAIN
carybeene.com,DOMAIN
paindrug.com,DOMAIN
handy-faq.de,DOMAIN
amercando-inter.net,DOMAIN
4455760.io,DOMAIN
aaronaylor.com,DOMAIN
ozzie-slang.com,DOMAIN
511330.top,DOMAIN
qjzx.net.cn,DOMAIN
fumatrade.com,DOMAIN
xn--m8t99i3p0a9sb.com,DOMAIN
springshair.com,DOMAIN
trustcontent.info,DOMAIN
www618kj.com,DOMAIN
fussstapfen.de,DOMAIN
aerogse.com,DOMAIN
guiapublicitaria.com,DOMAIN
bt57.cn,DOMAIN
inexcell.tk,DOMAIN
hans-huss.de,DOMAIN
abuzaad.co.uk,DOMAIN
lunchpurses.com,DOMAIN
cpaproxchange.com,DOMAIN
bglabelsandtees.com,DOMAIN
buypositivebeverage.com,DOMAIN
gaminghospitalityexecjobs.com,DOMAIN
dlr.help,DOMAIN
alvimo.in,DOMAIN
alexishatch.org,DOMAIN
louiscorte.fr,DOMAIN
china-floor.com.cn,DOMAIN
le-lion-lille.com,DOMAIN
bctus.us,DOMAIN
clickhype.eu,DOMAIN
style-consulting.com,DOMAIN
co-opbase.co.uk,DOMAIN
mytriplezero.com,DOMAIN
anzhui.com,DOMAIN
pareduc.com,DOMAIN
communitylaw.net,DOMAIN
geshite.pw,DOMAIN
aacgb.cn,DOMAIN
oblonczek.net,DOMAIN
cloudyla.com,DOMAIN
wvgrains.net,DOMAIN
detcanvas.com,DOMAIN
defence-offense.net,DOMAIN
lindale.co.nz,DOMAIN
myphone.amsterdam,DOMAIN
bezry.loan,DOMAIN
spartansgxa.us.com,DOMAIN
ars101.net,DOMAIN
probierzaehne.de,DOMAIN
learnqol.com,DOMAIN
z3upb0ht0uvxn2r0.com,DOMAIN
sheqie.com,DOMAIN
hippierunner.ca,DOMAIN
pisgahtrails.com,DOMAIN
moukaruweb.net,DOMAIN
ourfatherschurchonline.com,DOMAIN
homeinumbria.com,DOMAIN
aboudantrading.com,DOMAIN
watotochurch.net,DOMAIN
dumptruckinjurylawyer.com,DOMAIN
mentorpress.org,DOMAIN
dna1010.com,DOMAIN
auction-gears.com,DOMAIN
deafchurchvlogs.com,DOMAIN
32-34churchstreet.com,DOMAIN
fabulous-wisdomtokeepdriving-forth.info,DOMAIN
gatorlapelpins.com,DOMAIN
camar66.com,DOMAIN
barkadiadogs.com,DOMAIN
sallyrosestudio.uk,DOMAIN
crotononhudson.xyz,DOMAIN
auto-online-ads.com,DOMAIN
avatec.nl,DOMAIN
aigent.eu,DOMAIN
recyclixusa.org,DOMAIN
ianhandelrealtor.com,DOMAIN
321696.top,DOMAIN
xn--80ambce5a2h.xn--p1ai,DOMAIN
landhaus-lichius.de,DOMAIN
untang.nl,DOMAIN
aosiniao.net,DOMAIN
husabi.com,DOMAIN
space-craft.eu,DOMAIN
uppercanadasoaps.com,DOMAIN
secondsensecreative.com,DOMAIN
rongtouke.com,DOMAIN
kallilloop.com,DOMAIN
grupoverde.com,DOMAIN
szmhtech.uk,DOMAIN
towerviewstables.com,DOMAIN
mtveteransmemorial.org,DOMAIN
martispalace.com,DOMAIN
zhainanys1.com,DOMAIN
railsafety.mobi,DOMAIN
yannsun.info,DOMAIN
delagglo.ca,DOMAIN
playmakers.info,DOMAIN
tawatza.ws,DOMAIN
lmasistent.cz,DOMAIN
rentcoeasy.com,DOMAIN
uniteamericagroup.com,DOMAIN
2zb.red,DOMAIN
crickhowelltaxis.com,DOMAIN
tsksw.com.cn,DOMAIN
bkj.one,DOMAIN
garni-matha.com,DOMAIN
michiganautoattorney.info,DOMAIN
dhrale.com,DOMAIN
lawsuitcashloans.com,DOMAIN
drewstrums.eu,DOMAIN
rimrockshoppingcenter.com,DOMAIN
drycuteducation.com,DOMAIN
beautifulhlthyu.com,DOMAIN
burgaschess.tk,DOMAIN
zahnarztpraxis-aarau.ch,DOMAIN
barbacoarestaurant.cl,DOMAIN
testbetadotmar3.org,DOMAIN
aslanemlak.net,DOMAIN
certifications.pl,DOMAIN
smxtb.com,DOMAIN
dogsgalore.com,DOMAIN
go.com.uy,DOMAIN
pad3000.com,DOMAIN
discec2a1stalbansremote.co.uk,DOMAIN
bigredn.com,DOMAIN
skeldonserver.com,DOMAIN
rieltor23.ru,DOMAIN
photosbydebario.com,DOMAIN
tim-payne.com,DOMAIN
e6ks.net,DOMAIN
my-tv.top,DOMAIN
vilena-shop.ru,DOMAIN
audreymariesportfolio.com,DOMAIN
longevityremedies.com,DOMAIN
enterprisegenetics.com,DOMAIN
diywindowcleaning.com,DOMAIN
autism-day-ofmourning.com,DOMAIN
novemberscientific.net,DOMAIN
healthywaysforlife.com,DOMAIN
marusantec.com,DOMAIN
dlp-expert.ru,DOMAIN
duanehatch.com,DOMAIN
medaprime.miami,DOMAIN
theushuaiamagazine.info,DOMAIN
xcloosiv.com,DOMAIN
schneiderlogistics.mobi,DOMAIN
xn--80aaarakzeli0b7m.xn--p1ai,DOMAIN
katrinapeluso.com,DOMAIN
paullandacre.com,DOMAIN
huskyforum.com,DOMAIN
buydestination.com,DOMAIN
hiejia.com,DOMAIN
thebigham.com,DOMAIN
sor.rocks,DOMAIN
sydsyummystuff.tk,DOMAIN
00497119110.com,DOMAIN
sebastianrocco.com,DOMAIN
kampfrechnen.de,DOMAIN
va26.asia,DOMAIN
netcomtechnologies.co,DOMAIN
tomphillipsprints.com,DOMAIN
nealandleandra.com,DOMAIN
monteriaradio38grados.co.uk,DOMAIN
bbcharts.de,DOMAIN
dunawaylg.com,DOMAIN
artandupcycle.us,DOMAIN
santamanzanacider.com,DOMAIN
northpugetsoundliving.eu,DOMAIN
mcdermotts.org,DOMAIN
alexbarclayconsultancy.org,DOMAIN
sebastianmoldovan.ro,DOMAIN
57001.biz,DOMAIN
hubhello.co.uk,DOMAIN
supermaxfilters.tk,DOMAIN
takeagoodlook.us,DOMAIN
bjszsj.nl,DOMAIN
celloawards.org,DOMAIN
nonsoloprofumi.com,DOMAIN
18519.bid,DOMAIN
whiteplainscity.tk,DOMAIN
ericbara.de.com,DOMAIN
auctionsauctions.com,DOMAIN
urideaccess.com,DOMAIN
pessrl.co.uk,DOMAIN
kpbnm.com,DOMAIN
rohel.fr,DOMAIN
homeartisanexpo.uk,DOMAIN
defaq.nl,DOMAIN
chattanoogatherapist.com,DOMAIN
kmrxlt.com,DOMAIN
likediscoverlevel.tech,DOMAIN
zaghawa.net,DOMAIN
theeeg.com,DOMAIN
zacharyhafner.com,DOMAIN
iacconference.com,DOMAIN
saozui.cn,DOMAIN
unlimitedautomotivegroup.com,DOMAIN
comitis.ch,DOMAIN
completelyloaded.com,DOMAIN
thepierianspring.info,DOMAIN
gamecorner.se,DOMAIN
solsvikdesign.io,DOMAIN
provencespavillas.com,DOMAIN
carmen-and-joseph.com,DOMAIN
vsqared.rocks,DOMAIN
idcloner.com,DOMAIN
nu-spirit.tk,DOMAIN
kungdesign.se,DOMAIN
harmanit.co.uk,DOMAIN
hk-lift.com,DOMAIN
bigwaveevents.com,DOMAIN
jennee.net,DOMAIN
allinsonlaw.eu,DOMAIN
samsplacebooks.com,DOMAIN
adelebijoumusicgroupinc.co,DOMAIN
bloodofjesuscalvarychurch.org,DOMAIN
lauraminerphotography.com,DOMAIN
thewpdemo.eu,DOMAIN
paulhobbsimports.eu,DOMAIN
cheapuni.com,DOMAIN
f-time.ru,DOMAIN
ivytoyou.com,DOMAIN
nowsignsoftware.com,DOMAIN
j402.cc,DOMAIN
kitanomori.party,DOMAIN
nashvillecharityball.com,DOMAIN
gbbyy.loan,DOMAIN
iamnubian347.com,DOMAIN
xn--j7q621fe8e300a.com,DOMAIN
gottalovesydney.com,DOMAIN
safari-vo.fr,DOMAIN
comillacitybd.eu,DOMAIN
turquoisehealing.center,DOMAIN
flipmyspace.com,DOMAIN
ttkxc.top,DOMAIN
flowersyogurt.com,DOMAIN
mairalanda.com,DOMAIN
sms-call.ru,DOMAIN
yszsz.trade,DOMAIN
acimadetudooamor.com.br,DOMAIN
buffalocpr.info,DOMAIN
shalletandcrowe.nl,DOMAIN
mediacarrier.net,DOMAIN
indo-board.se,DOMAIN
ltcq185.com,DOMAIN
videosurveillanceexpert.com,DOMAIN
marcles.com,DOMAIN
hicogroup.ru,DOMAIN
purity-co.io,DOMAIN
trsgo.org,DOMAIN
memphistour2015.com,DOMAIN
the-waits.net,DOMAIN
gothenburgnow.mobi,DOMAIN
networkingproviders.uk,DOMAIN
spotifyrsp.com,DOMAIN
bper-gruppo.eu,DOMAIN
cinemovil.es,DOMAIN
awefulthoughts.com,DOMAIN
vanfreeordie.com,DOMAIN
photodventure.com,DOMAIN
lecon.ru,DOMAIN
esamidelsanguemilano.com,DOMAIN
stickycuts.tk,DOMAIN
alohapoint.com,DOMAIN
ljungars.com,DOMAIN
hartlineintl.net,DOMAIN
onlinejobsphils.com,DOMAIN
aec-feedback.com,DOMAIN
bestinwealth.com,DOMAIN
southcarolinatranscription.com,DOMAIN
seraphimworks.com,DOMAIN
centbev.io,DOMAIN
naturalhazards.com.au,DOMAIN
saaeqbit.top,DOMAIN
scibek.xyz,DOMAIN
aminabaobab.com,DOMAIN
accordoomologato.com,DOMAIN
gamestation.com.hk,DOMAIN
sex-regional.com,DOMAIN
urbanicasuites.com.ar,DOMAIN
yespleasepublishing.com,DOMAIN
actcarwashpros.eu,DOMAIN
tsa.taipei,DOMAIN
rideaustralia.biz,DOMAIN
indiabetestab.com,DOMAIN
7oa.co.com,DOMAIN
printfa.com,DOMAIN
drbrucegeorge.nl,DOMAIN
bco-cpa.info,DOMAIN
chriscompton.com,DOMAIN
legionx.de,DOMAIN
taraproject.com,DOMAIN
v5gege.io,DOMAIN
ksrrealestate.com,DOMAIN
virelectronica.com,DOMAIN
cvasrl.com,DOMAIN
villagecard.com,DOMAIN
premiercleaningservices.org,DOMAIN
wwwtherifleman.net,DOMAIN
icacfoundation.org,DOMAIN
risaman.com,DOMAIN
xn--oy2b17n64devmca836a.com,DOMAIN
beeldfestival.nl,DOMAIN
xwtiz.site,DOMAIN
czterykomputery.pl,DOMAIN
liveatcampussquareapartments.com,DOMAIN
almullagroup.cn,DOMAIN
eftwelve.nl,DOMAIN
bausoptic.com,DOMAIN
carladaviddesign.co,DOMAIN
e-andex.com,DOMAIN
whiskyclubbrabant.nl,DOMAIN
samsungs.com,DOMAIN
mynbs.xyz,DOMAIN
solpropertiesnicaragua.com,DOMAIN
guiapp.cn,DOMAIN
businessesofmarysville.com,DOMAIN
alliedphysiotherapy.com,DOMAIN
cloughsofnantwich.com,DOMAIN
qddvdcase.com,DOMAIN
gaestehaus-rosendahl.de,DOMAIN
luxurytravelcartagena.com,DOMAIN
suparks.de,DOMAIN
kastubanatal.com,DOMAIN
0777603.xyz,DOMAIN
gmtlq.com,DOMAIN
leamington-baptist.org.uk,DOMAIN
papershredding.london,DOMAIN
alexebarbie.io,DOMAIN
asiriabo.com,DOMAIN
nuristarducks.com,DOMAIN
kitchenaider.com,DOMAIN
mfp-transnational.tk,DOMAIN
smithjobs-11.com,DOMAIN
mygolddollars.com,DOMAIN
mynsicds.top,DOMAIN
i-need-a-spindle.com,DOMAIN
brenet.gmbh,DOMAIN
kjero.info,DOMAIN
raymondconstruction.com,DOMAIN
bajuwarium.com,DOMAIN
saucysext.com,DOMAIN
geyusi.cn,DOMAIN
addtelepro.com,DOMAIN
elec-trio.de,DOMAIN
lewenstein.pl,DOMAIN
alwaysforward.today,DOMAIN
wuxinprint.tk,DOMAIN
jackfoundation.com,DOMAIN
xy-yandex.ru,DOMAIN
wadgetwi.de.com,DOMAIN
market4loan.com,DOMAIN
framelessglassca.com,DOMAIN
vectorcafe.com,DOMAIN
jimmyschwenphoto.com,DOMAIN
huracanfc.mx,DOMAIN
jingantemple.com,DOMAIN
silvestrin.info,DOMAIN
st-peter-muelheim-kaerlich.de,DOMAIN
rgflw.top,DOMAIN
picatu133.com,DOMAIN
munk-it.dk,DOMAIN
virtuallearningebooks.com,DOMAIN
solerys.eu,DOMAIN
markusspillner.de,DOMAIN
flowerleafstudio.com,DOMAIN
iversenmotor.com,DOMAIN
xn--geschftszeit-kcb.com,DOMAIN
internationalassociationforlifestylebalance.org,DOMAIN
jenesaisquoifaces.com,DOMAIN
artofnaples.ca,DOMAIN
affinitydocumentsolutions.com,DOMAIN
thefuturescience.com,DOMAIN
disneyaulani.com.cn,DOMAIN
ptxydqz.com,DOMAIN
firmaplus.cz,DOMAIN
big.discount,DOMAIN
f-track.jp,DOMAIN
rehabilitaciondefachadasbilbao.es,DOMAIN
goldencoins.co,DOMAIN
kukurihime.com,DOMAIN
lecorbusier22.info,DOMAIN
kornferry.dk,DOMAIN
8300regisway.com,DOMAIN
familiereimann.com,DOMAIN
schoolofsong.ca,DOMAIN
eyeplastic.net,DOMAIN
valleyviewohautorepairshop.com,DOMAIN
kidzworld4u.com,DOMAIN
marsraleigh.com,DOMAIN
cincirr.com,DOMAIN
power4laptops.org,DOMAIN
smartmessaging.eu,DOMAIN
iee2.com,DOMAIN
fastuniforms.com,DOMAIN
winfield.jobs,DOMAIN
financialbrokeragejobs.com,DOMAIN
katido.de,DOMAIN
dueneburg.de,DOMAIN
aaharkuteer.com,DOMAIN
xn--u9j729hh7er5kypo1uf7pdb6c680e.com,DOMAIN
shauntrim.net,DOMAIN
lalav.cn,DOMAIN
airportdataexplorer.com,DOMAIN
mslaytonbenton.com,DOMAIN
pirjettabrander.com,DOMAIN
hongbofe.xyz,DOMAIN
eiusfhg.com,DOMAIN
henglexiang.cn,DOMAIN
jinzhongshi.eu,DOMAIN
hypheric.net,DOMAIN
renedesign.com,DOMAIN
desrulez.net,DOMAIN
clerkbrock.com,DOMAIN
e91fa319.uk,DOMAIN
biklo.uk,DOMAIN
bhatiamobile.com,DOMAIN
vaylit.ru,DOMAIN
tom-tylor.de,DOMAIN
joyou-shop.com,DOMAIN
rentpayment.io,DOMAIN
bscapply.cn,DOMAIN
clubfusionz.com,DOMAIN
classroombulletproof.com,DOMAIN
scottzonemedia.eu,DOMAIN
chriskoble.me,DOMAIN
stoneandwoodfurniture.com.au,DOMAIN
easyalibi.com,DOMAIN
razororb.com,DOMAIN
margarita-zavala.org,DOMAIN
vhfclub.org,DOMAIN
forevents.ch,DOMAIN
northwestautomation.net,DOMAIN
partitiondesigner.com,DOMAIN
ctcf-inc.com,DOMAIN
emedicalsupplier.com,DOMAIN
cajamarcatravel.com,DOMAIN
houstonprobatelawyers.biz,DOMAIN