rupak@hotmail.com,EMAIL
temmink@verizon.net,EMAIL
mgreen@icloud.com,EMAIL
stecoop@icloud.com,EMAIL
tubajon@optonline.net,EMAIL
elflord@sbcglobal.net,EMAIL
gknauss@live.com,EMAIL
srour@icloud.com,EMAIL
crowl@msn.com,EMAIL
philen@att.net,EMAIL
rsmartin@mac.com,EMAIL
timlinux@me.com,EMAIL
killmenow@icloud.com,EMAIL
bartak@optonline.net,EMAIL
chrwin@verizon.net,EMAIL
njpayne@mac.com,EMAIL
timtroyr@optonline.net,EMAIL
wiseb@att.net,EMAIL
msroth@verizon.net,EMAIL
grady@yahoo.ca,EMAIL
paulv@sbcglobal.net,EMAIL
godeke@yahoo.ca,EMAIL
paley@live.com,EMAIL
roesch@optonline.net,EMAIL
jespley@sbcglobal.net,EMAIL
mstrout@mac.com,EMAIL
cmdrgravy@icloud.com,EMAIL
draper@att.net,EMAIL
munge@aol.com,EMAIL
rattenbt@gmail.com,EMAIL
claypool@live.com,EMAIL
draper@live.com,EMAIL
amimojo@aol.com,EMAIL
moxfulder@att.net,EMAIL
aardo@mac.com,EMAIL
mthurn@mac.com,EMAIL
eabrown@msn.com,EMAIL
boein@live.com,EMAIL
epeeist@optonline.net,EMAIL
pereinar@outlook.com,EMAIL
lamky@att.net,EMAIL
andrei@yahoo.ca,EMAIL
mbrown@icloud.com,EMAIL
terjesa@gmail.com,EMAIL
johnbob@yahoo.ca,EMAIL
goldberg@hotmail.com,EMAIL
bonmots@live.com,EMAIL
dburrows@hotmail.com,EMAIL
cgarcia@hotmail.com,EMAIL
metzzo@sbcglobal.net,EMAIL
hikoza@comcast.net,EMAIL
iamcal@yahoo.ca,EMAIL
falcao@outlook.com,EMAIL
alfred@mac.com,EMAIL
smcnabb@verizon.net,EMAIL
dleconte@me.com,EMAIL
mmccool@yahoo.ca,EMAIL
skythe@yahoo.ca,EMAIL
malin@gmail.com,EMAIL
hmbrand@aol.com,EMAIL
jemarch@yahoo.com,EMAIL
danneng@att.net,EMAIL
jimxugle@icloud.com,EMAIL
formis@verizon.net,EMAIL
floxy@outlook.com,EMAIL
graham@yahoo.ca,EMAIL
jbryan@att.net,EMAIL
empathy@yahoo.com,EMAIL
howler@msn.com,EMAIL
munge@gmail.com,EMAIL
delpino@att.net,EMAIL
dwheeler@aol.com,EMAIL
dmouse@mac.com,EMAIL
staffelb@verizon.net,EMAIL
saridder@hotmail.com,EMAIL
seebs@me.com,EMAIL
malin@sbcglobal.net,EMAIL
scottzed@optonline.net,EMAIL
duchamp@comcast.net,EMAIL
hikoza@att.net,EMAIL
lstein@comcast.net,EMAIL
geekoid@att.net,EMAIL
malin@att.net,EMAIL
library@optonline.net,EMAIL
linuxhack@hotmail.com,EMAIL
wetter@optonline.net,EMAIL
bulletin@sbcglobal.net,EMAIL
jmorris@att.net,EMAIL
rgiersig@outlook.com,EMAIL
sblack@yahoo.com,EMAIL
mschwartz@hotmail.com,EMAIL
lushe@me.com,EMAIL
nweaver@yahoo.com,EMAIL
andersbr@att.net,EMAIL
skoch@sbcglobal.net,EMAIL
jnolan@live.com,EMAIL
burniske@att.net,EMAIL
jemarch@yahoo.ca,EMAIL
cvrcek@live.com,EMAIL
pkplex@gmail.com,EMAIL
harryh@live.com,EMAIL
jbuchana@me.com,EMAIL
ryanvm@comcast.net,EMAIL
wkrebs@icloud.com,EMAIL
andrei@yahoo.com,EMAIL
jespley@msn.com,EMAIL
sartak@yahoo.ca,EMAIL
zavadsky@outlook.com,EMAIL
citizenl@outlook.com,EMAIL
valdez@att.net,EMAIL
ribet@icloud.com,EMAIL
cgreuter@outlook.com,EMAIL
krueger@yahoo.ca,EMAIL
mglee@icloud.com,EMAIL
arathi@me.com,EMAIL
mcrawfor@optonline.net,EMAIL
moinefou@sbcglobal.net,EMAIL
jdray@comcast.net,EMAIL
rsmartin@mac.com,EMAIL
godeke@msn.com,EMAIL
telbij@comcast.net,EMAIL
wonderkid@yahoo.com,EMAIL
moxfulder@mac.com,EMAIL
slaff@outlook.com,EMAIL
bruck@yahoo.com,EMAIL
payned@yahoo.com,EMAIL
ngedmond@gmail.com,EMAIL
tromey@hotmail.com,EMAIL
hager@msn.com,EMAIL
granboul@aol.com,EMAIL
burns@att.net,EMAIL
okroeger@aol.com,EMAIL
reziac@live.com,EMAIL
bdbrown@comcast.net,EMAIL
gilmoure@comcast.net,EMAIL
camenisch@yahoo.com,EMAIL
tmaek@msn.com,EMAIL
ovprit@optonline.net,EMAIL
adillon@msn.com,EMAIL
mjewell@yahoo.com,EMAIL
aschmitz@verizon.net,EMAIL
kawasaki@outlook.com,EMAIL
godeke@att.net,EMAIL
skythe@outlook.com,EMAIL
firstpr@hotmail.com,EMAIL
drhyde@mac.com,EMAIL
grothoff@live.com,EMAIL
pemungkah@msn.com,EMAIL
markjugg@aol.com,EMAIL
jipsen@live.com,EMAIL
mrobshaw@att.net,EMAIL
schumer@mac.com,EMAIL
jbuchana@optonline.net,EMAIL
ccohen@comcast.net,EMAIL
sabren@hotmail.com,EMAIL
skythe@sbcglobal.net,EMAIL
demmel@optonline.net,EMAIL
dalamb@me.com,EMAIL
ianbuck@mac.com,EMAIL
thowell@comcast.net,EMAIL
gregh@hotmail.com,EMAIL
zeitlin@icloud.com,EMAIL
tbusch@hotmail.com,EMAIL
drezet@sbcglobal.net,EMAIL
keiji@yahoo.com,EMAIL
engelen@yahoo.com,EMAIL
salesgeek@hotmail.com,EMAIL
report@outlook.com,EMAIL
lcheng@yahoo.ca,EMAIL
josephw@att.net,EMAIL
natepuri@icloud.com,EMAIL
vertigo@comcast.net,EMAIL
jsnover@msn.com,EMAIL
granboul@sbcglobal.net,EMAIL
dburrows@att.net,EMAIL
caronni@icloud.com,EMAIL
trieuvan@outlook.com,EMAIL
ahmad@msn.com,EMAIL
psharpe@msn.com,EMAIL
atmarks@live.com,EMAIL
nasor@me.com,EMAIL
kingjoshi@icloud.com,EMAIL
dkeeler@outlook.com,EMAIL
scottzed@aol.com,EMAIL
sscorpio@verizon.net,EMAIL
martyloo@icloud.com,EMAIL
augusto@yahoo.com,EMAIL
pplinux@aol.com,EMAIL
mailarc@aol.com,EMAIL
vertigo@icloud.com,EMAIL
ghost@comcast.net,EMAIL
bjornk@icloud.com,EMAIL
lamprecht@icloud.com,EMAIL
jmgomez@gmail.com,EMAIL
linuxhack@verizon.net,EMAIL
kmiller@verizon.net,EMAIL
nacho@me.com,EMAIL
jacks@att.net,EMAIL
syrinx@aol.com,EMAIL
errxn@icloud.com,EMAIL
barlow@comcast.net,EMAIL
jmorris@verizon.net,EMAIL
rgiersig@live.com,EMAIL
oevans@outlook.com,EMAIL
nogin@optonline.net,EMAIL
staffelb@live.com,EMAIL
budinger@comcast.net,EMAIL
valdez@verizon.net,EMAIL
galbra@outlook.com,EMAIL
multiplx@att.net,EMAIL
stewwy@outlook.com,EMAIL
eminence@yahoo.ca,EMAIL
alastair@mac.com,EMAIL
petersko@me.com,EMAIL
ardagna@icloud.com,EMAIL
yfreund@verizon.net,EMAIL
rcwil@msn.com,EMAIL
mrsam@verizon.net,EMAIL
attwood@sbcglobal.net,EMAIL
fglock@live.com,EMAIL
wmszeliga@gmail.com,EMAIL
qmacro@optonline.net,EMAIL
biglou@att.net,EMAIL
matsn@sbcglobal.net,EMAIL
marioph@outlook.com,EMAIL
bulletin@comcast.net,EMAIL
richard@yahoo.ca,EMAIL
barlow@yahoo.com,EMAIL
koudas@gmail.com,EMAIL
kmself@yahoo.com,EMAIL
bradl@yahoo.ca,EMAIL
keutzer@yahoo.com,EMAIL
lukka@comcast.net,EMAIL
presoff@comcast.net,EMAIL
hager@aol.com,EMAIL
smartfart@msn.com,EMAIL
aegreene@yahoo.com,EMAIL
howler@comcast.net,EMAIL
skaufman@live.com,EMAIL
madler@optonline.net,EMAIL
kenja@aol.com,EMAIL
khris@att.net,EMAIL
yxing@outlook.com,EMAIL
esokullu@att.net,EMAIL
bescoto@gmail.com,EMAIL
pdbaby@me.com,EMAIL
wsnyder@optonline.net,EMAIL
bonmots@comcast.net,EMAIL
cameron@sbcglobal.net,EMAIL
dmiller@me.com,EMAIL
mmccool@msn.com,EMAIL
aaribaud@optonline.net,EMAIL
dimensio@yahoo.ca,EMAIL
grinder@comcast.net,EMAIL
parents@gmail.com,EMAIL
mdielmann@att.net,EMAIL
bryam@me.com,EMAIL
lydia@live.com,EMAIL
tubajon@yahoo.ca,EMAIL
garland@sbcglobal.net,EMAIL
dwheeler@gmail.com,EMAIL
gslondon@outlook.com,EMAIL
mcmillan@gmail.com,EMAIL
joehall@hotmail.com,EMAIL
vganesh@verizon.net,EMAIL
flaviog@sbcglobal.net,EMAIL
rnelson@att.net,EMAIL
doormat@live.com,EMAIL
dimensio@mac.com,EMAIL
mcrawfor@yahoo.ca,EMAIL
pgolle@gmail.com,EMAIL
novanet@optonline.net,EMAIL
jandrese@me.com,EMAIL
garland@msn.com,EMAIL
skythe@me.com,EMAIL
mosses@outlook.com,EMAIL
dkrishna@yahoo.ca,EMAIL
mrobshaw@live.com,EMAIL
conteb@me.com,EMAIL
giafly@yahoo.ca,EMAIL
malattia@me.com,EMAIL
lauronen@msn.com,EMAIL
afifi@optonline.net,EMAIL
barlow@optonline.net,EMAIL
rgiersig@mac.com,EMAIL
lushe@att.net,EMAIL
grinder@gmail.com,EMAIL
malin@yahoo.ca,EMAIL
frederic@yahoo.com,EMAIL
steve@sbcglobal.net,EMAIL
eabrown@optonline.net,EMAIL
purvis@msn.com,EMAIL
gfxguy@live.com,EMAIL
biglou@icloud.com,EMAIL
petersen@optonline.net,EMAIL
barlow@aol.com,EMAIL
benits@mac.com,EMAIL
report@outlook.com,EMAIL
amcuri@msn.com,EMAIL
shazow@aol.com,EMAIL
michiel@aol.com,EMAIL
nogin@att.net,EMAIL
seasweb@gmail.com,EMAIL
lipeng@gmail.com,EMAIL
muadip@me.com,EMAIL
parents@msn.com,EMAIL
cumarana@hotmail.com,EMAIL
bahwi@verizon.net,EMAIL
north@verizon.net,EMAIL
naoya@outlook.com,EMAIL
cgarcia@verizon.net,EMAIL
benits@icloud.com,EMAIL
luebke@att.net,EMAIL
wortmanj@optonline.net,EMAIL
dhwon@aol.com,EMAIL
barlow@me.com,EMAIL
dburrows@aol.com,EMAIL
gamma@me.com,EMAIL
kjohnson@yahoo.com,EMAIL
marnanel@mac.com,EMAIL
jginspace@me.com,EMAIL
cumarana@outlook.com,EMAIL
mleary@msn.com,EMAIL
lbecchi@hotmail.com,EMAIL
juerd@gmail.com,EMAIL
sinkou@icloud.com,EMAIL
telbij@msn.com,EMAIL
facet@msn.com,EMAIL
stecoop@me.com,EMAIL
animats@hotmail.com,EMAIL
jorgb@optonline.net,EMAIL
report@hotmail.com,EMAIL
adillon@sbcglobal.net,EMAIL
specprog@aol.com,EMAIL
aardo@msn.com,EMAIL
jbearp@optonline.net,EMAIL
sinkou@live.com,EMAIL
vsprintf@aol.com,EMAIL
boomzilla@aol.com,EMAIL
paley@verizon.net,EMAIL
joehall@aol.com,EMAIL
rkobes@msn.com,EMAIL
keiji@outlook.com,EMAIL
jramio@att.net,EMAIL
amichalo@live.com,EMAIL
ghost@sbcglobal.net,EMAIL
larry@optonline.net,EMAIL
cfhsoft@msn.com,EMAIL
ardagna@me.com,EMAIL
cliffski@yahoo.com,EMAIL
bartak@aol.com,EMAIL
ducasse@yahoo.ca,EMAIL
rande@att.net,EMAIL
sacraver@hotmail.com,EMAIL
falcao@sbcglobal.net,EMAIL
hachi@msn.com,EMAIL
sriha@sbcglobal.net,EMAIL
jdhedden@att.net,EMAIL
naupa@att.net,EMAIL
scottlee@comcast.net,EMAIL
bartlett@live.com,EMAIL
techie@comcast.net,EMAIL
suresh@yahoo.ca,EMAIL
thrymm@icloud.com,EMAIL
mastinfo@yahoo.com,EMAIL
hllam@att.net,EMAIL
yenya@yahoo.com,EMAIL
seebs@yahoo.ca,EMAIL
noticias@sbcglobal.net,EMAIL
gumpish@aol.com,EMAIL
noahb@verizon.net,EMAIL
rfisher@sbcglobal.net,EMAIL
skippy@hotmail.com,EMAIL
srour@live.com,EMAIL
ilyaz@gmail.com,EMAIL
damian@optonline.net,EMAIL
aibrahim@mac.com,EMAIL
sethbrown@icloud.com,EMAIL
tkrotchko@hotmail.com,EMAIL
rhialto@hotmail.com,EMAIL
aardo@att.net,EMAIL
kourai@gmail.com,EMAIL
muzzy@gmail.com,EMAIL
amimojo@live.com,EMAIL
mugwump@msn.com,EMAIL
mobileip@msn.com,EMAIL
madler@aol.com,EMAIL
credmond@att.net,EMAIL
arachne@me.com,EMAIL
bulletin@aol.com,EMAIL
stellaau@me.com,EMAIL
odlyzko@live.com,EMAIL
fatelk@msn.com,EMAIL
mahbub@yahoo.com,EMAIL
metzzo@comcast.net,EMAIL
jespley@yahoo.com,EMAIL
adhere@gmail.com,EMAIL
ijackson@aol.com,EMAIL
birddog@aol.com,EMAIL
denton@verizon.net,EMAIL
arathi@att.net,EMAIL
ganter@mac.com,EMAIL
rsteiner@me.com,EMAIL
mchugh@att.net,EMAIL
rmcfarla@me.com,EMAIL
srour@optonline.net,EMAIL
krueger@yahoo.ca,EMAIL
jipsen@msn.com,EMAIL
bmidd@att.net,EMAIL
mbrown@optonline.net,EMAIL
itstatus@msn.com,EMAIL
hling@hotmail.com,EMAIL
johnh@hotmail.com,EMAIL
kayvonf@gmail.com,EMAIL
oneiros@outlook.com,EMAIL
smcnabb@yahoo.ca,EMAIL
njpayne@hotmail.com,EMAIL
tsuruta@hotmail.com,EMAIL
mrobshaw@me.com,EMAIL
fbriere@aol.com,EMAIL
cliffordj@yahoo.com,EMAIL
pierce@msn.com,EMAIL
yenya@sbcglobal.net,EMAIL
tjensen@outlook.com,EMAIL
hachi@me.com,EMAIL
atmarks@aol.com,EMAIL
durist@verizon.net,EMAIL
symbolic@aol.com,EMAIL
keiji@sbcglobal.net,EMAIL
dmath@hotmail.com,EMAIL
kodeman@me.com,EMAIL
jusdisgi@icloud.com,EMAIL
ghost@hotmail.com,EMAIL
goresky@mac.com,EMAIL
nogin@hotmail.com,EMAIL
kenja@yahoo.com,EMAIL
zilla@gmail.com,EMAIL
madler@comcast.net,EMAIL
granboul@att.net,EMAIL
rddesign@att.net,EMAIL
mhoffman@comcast.net,EMAIL
joelw@gmail.com,EMAIL
gward@comcast.net,EMAIL
dvdotnet@msn.com,EMAIL
lahvak@icloud.com,EMAIL
carmena@hotmail.com,EMAIL
sthomas@optonline.net,EMAIL
ubergeeb@live.com,EMAIL
kdawson@comcast.net,EMAIL
boein@optonline.net,EMAIL
ilial@verizon.net,EMAIL
balchen@hotmail.com,EMAIL
bmcmahon@comcast.net,EMAIL
nwiger@msn.com,EMAIL
gfody@msn.com,EMAIL
gregh@outlook.com,EMAIL
aschmitz@mac.com,EMAIL
haddawy@hotmail.com,EMAIL
leslie@optonline.net,EMAIL
doormat@comcast.net,EMAIL
tedrlord@icloud.com,EMAIL
mmccool@gmail.com,EMAIL
okroeger@optonline.net,EMAIL
ganter@sbcglobal.net,EMAIL
leocharre@msn.com,EMAIL
munjal@msn.com,EMAIL
tbeck@sbcglobal.net,EMAIL
fallorn@aol.com,EMAIL
slanglois@yahoo.ca,EMAIL
vertigo@optonline.net,EMAIL
fraterk@att.net,EMAIL
djupedal@me.com,EMAIL
daveewart@icloud.com,EMAIL
djpig@verizon.net,EMAIL
sequin@comcast.net,EMAIL
arandal@mac.com,EMAIL
jdhildeb@aol.com,EMAIL
galbra@msn.com,EMAIL
jfreedma@outlook.com,EMAIL
yenya@live.com,EMAIL
mthurn@optonline.net,EMAIL
aaribaud@aol.com,EMAIL
jipsen@live.com,EMAIL
msroth@att.net,EMAIL
pmint@mac.com,EMAIL
skythe@hotmail.com,EMAIL
rande@aol.com,EMAIL
panolex@att.net,EMAIL
jrifkin@mac.com,EMAIL
natepuri@outlook.com,EMAIL
bruck@me.com,EMAIL
jorgb@hotmail.com,EMAIL
cgarcia@sbcglobal.net,EMAIL
balchen@comcast.net,EMAIL
formis@comcast.net,EMAIL
jhardin@mac.com,EMAIL
arathi@me.com,EMAIL
juliano@mac.com,EMAIL
csilvers@live.com,EMAIL
jsnover@aol.com,EMAIL
ianbuck@sbcglobal.net,EMAIL
pontipak@yahoo.com,EMAIL
tarreau@gmail.com,EMAIL
jgwang@live.com,EMAIL
thrymm@comcast.net,EMAIL
yxing@live.com,EMAIL
william@comcast.net,EMAIL
tamas@gmail.com,EMAIL
ardagna@yahoo.com,EMAIL
phizntrg@aol.com,EMAIL
nelson@outlook.com,EMAIL
cremonini@optonline.net,EMAIL
jamuir@sbcglobal.net,EMAIL
mahbub@yahoo.com,EMAIL
chaffar@hotmail.com,EMAIL
helger@yahoo.ca,EMAIL
nachbaur@yahoo.ca,EMAIL
dprice@gmail.com,EMAIL
jusdisgi@gmail.com,EMAIL
hutton@hotmail.com,EMAIL
gomor@verizon.net,EMAIL
jshirley@msn.com,EMAIL
adhere@yahoo.com,EMAIL
nighthawk@mac.com,EMAIL
noahb@live.com,EMAIL
seebs@att.net,EMAIL
kudra@yahoo.com,EMAIL
nacho@mac.com,EMAIL
wojciech@gmail.com,EMAIL
stewwy@yahoo.ca,EMAIL
gordonjcp@me.com,EMAIL
portscan@sbcglobal.net,EMAIL
rohitm@me.com,EMAIL
wainwrig@gmail.com,EMAIL
gtewari@comcast.net,EMAIL
ahmad@mac.com,EMAIL
terjesa@msn.com,EMAIL
amimojo@gmail.com,EMAIL
sjmuir@live.com,EMAIL
peoplesr@verizon.net,EMAIL
jschauma@msn.com,EMAIL
isotopian@icloud.com,EMAIL
devphil@me.com,EMAIL
ribet@verizon.net,EMAIL
sekiya@yahoo.ca,EMAIL
lbaxter@hotmail.com,EMAIL
rnewman@comcast.net,EMAIL
kosact@yahoo.ca,EMAIL
adamk@optonline.net,EMAIL
sonnen@icloud.com,EMAIL
pkplex@yahoo.ca,EMAIL
tellis@att.net,EMAIL
mcmillan@mac.com,EMAIL
weidai@att.net,EMAIL
iamcal@gmail.com,EMAIL
maratb@yahoo.ca,EMAIL
jrifkin@aol.com,EMAIL
jesse@mac.com,EMAIL
sburke@yahoo.com,EMAIL
schwaang@sbcglobal.net,EMAIL
corrada@optonline.net,EMAIL
karasik@aol.com,EMAIL
goldberg@sbcglobal.net,EMAIL
jfinke@msn.com,EMAIL
draper@comcast.net,EMAIL
forsberg@gmail.com,EMAIL
hstiles@att.net,EMAIL
oster@outlook.com,EMAIL
mavilar@me.com,EMAIL
cameron@msn.com,EMAIL
shrapnull@comcast.net,EMAIL
reziac@mac.com,EMAIL
gommix@optonline.net,EMAIL
dvdotnet@optonline.net,EMAIL
pakaste@mac.com,EMAIL
dalamb@msn.com,EMAIL
srour@icloud.com,EMAIL
imightb@live.com,EMAIL
danzigism@gmail.com,EMAIL
nighthawk@optonline.net,EMAIL
slaff@optonline.net,EMAIL
rhialto@sbcglobal.net,EMAIL
lamprecht@verizon.net,EMAIL
webdragon@comcast.net,EMAIL
nimaclea@hotmail.com,EMAIL
nachbaur@outlook.com,EMAIL
pedwards@sbcglobal.net,EMAIL
attwood@me.com,EMAIL
uncled@gmail.com,EMAIL
godeke@mac.com,EMAIL
trygstad@yahoo.com,EMAIL
michiel@optonline.net,EMAIL
dinther@icloud.com,EMAIL
curly@verizon.net,EMAIL
sharon@aol.com,EMAIL
seanq@outlook.com,EMAIL
martink@icloud.com,EMAIL
dleconte@outlook.com,EMAIL
manuals@icloud.com,EMAIL
glenz@sbcglobal.net,EMAIL
gavollink@verizon.net,EMAIL
cliffordj@comcast.net,EMAIL
sabren@att.net,EMAIL
carreras@sbcglobal.net,EMAIL
gfody@me.com,EMAIL
slaff@msn.com,EMAIL
conteb@me.com,EMAIL
makarow@msn.com,EMAIL
drewf@live.com,EMAIL
overbom@mac.com,EMAIL
mdielmann@me.com,EMAIL
oracle@aol.com,EMAIL
tbeck@hotmail.com,EMAIL
bbirth@outlook.com,EMAIL
keijser@me.com,EMAIL
slaff@hotmail.com,EMAIL
tromey@optonline.net,EMAIL
aardo@mac.com,EMAIL
moxfulder@sbcglobal.net,EMAIL
stern@msn.com,EMAIL
gknauss@me.com,EMAIL
biglou@yahoo.ca,EMAIL
kosact@gmail.com,EMAIL
tbmaddux@msn.com,EMAIL
damian@outlook.com,EMAIL
dobey@msn.com,EMAIL
nullchar@att.net,EMAIL
purvis@comcast.net,EMAIL
rkobes@aol.com,EMAIL
frode@yahoo.com,EMAIL
dogdude@msn.com,EMAIL
mwandel@gmail.com,EMAIL
dbanarse@comcast.net,EMAIL
lukka@yahoo.ca,EMAIL
uncle@icloud.com,EMAIL
storerm@verizon.net,EMAIL
world@live.com,EMAIL
penna@att.net,EMAIL
rcwil@comcast.net,EMAIL
claesjac@yahoo.ca,EMAIL
msusa@outlook.com,EMAIL
feamster@verizon.net,EMAIL
houle@verizon.net,EMAIL
clkao@optonline.net,EMAIL
mjewell@me.com,EMAIL
seurat@mac.com,EMAIL
ilyaz@icloud.com,EMAIL
gavinls@outlook.com,EMAIL
larry@icloud.com,EMAIL
slanglois@sbcglobal.net,EMAIL
skaufman@hotmail.com,EMAIL
chronos@msn.com,EMAIL
brickbat@msn.com,EMAIL
pfitza@yahoo.com,EMAIL
retoh@comcast.net,EMAIL
redingtn@gmail.com,EMAIL
kourai@optonline.net,EMAIL
fmtbebuck@hotmail.com,EMAIL
dawnsong@yahoo.com,EMAIL
bruck@hotmail.com,EMAIL
notaprguy@yahoo.ca,EMAIL
joelw@hotmail.com,EMAIL
xnormal@gmail.com,EMAIL
neonatus@msn.com,EMAIL
ournews@yahoo.ca,EMAIL
fraser@gmail.com,EMAIL
citizenl@mac.com,EMAIL
bogjobber@yahoo.ca,EMAIL
luvirini@sbcglobal.net,EMAIL
redingtn@icloud.com,EMAIL
lamky@sbcglobal.net,EMAIL
gbacon@msn.com,EMAIL
akoblin@outlook.com,EMAIL
jonas@aol.com,EMAIL
esasaki@optonline.net,EMAIL
heroine@yahoo.com,EMAIL
portscan@gmail.com,EMAIL
johnh@verizon.net,EMAIL
dinther@icloud.com,EMAIL
djupedal@icloud.com,EMAIL
offthelip@comcast.net,EMAIL
tbusch@live.com,EMAIL
mccurley@me.com,EMAIL
bjornk@optonline.net,EMAIL
boomzilla@me.com,EMAIL
jshearer@me.com,EMAIL
fraterk@yahoo.com,EMAIL
choset@gmail.com,EMAIL
simone@comcast.net,EMAIL
mrsam@att.net,EMAIL
caidaperl@yahoo.ca,EMAIL
techie@mac.com,EMAIL
nwiger@yahoo.com,EMAIL
mthurn@yahoo.com,EMAIL
akoblin@live.com,EMAIL
kenja@yahoo.com,EMAIL
crimsane@msn.com,EMAIL
ccohen@att.net,EMAIL
hling@verizon.net,EMAIL
afeldspar@gmail.com,EMAIL
wmszeliga@me.com,EMAIL
zilla@att.net,EMAIL
bruck@icloud.com,EMAIL
leocharre@mac.com,EMAIL
garland@msn.com,EMAIL
scottlee@comcast.net,EMAIL
ubergeeb@mac.com,EMAIL
cliffordj@outlook.com,EMAIL
ganter@optonline.net,EMAIL
skaufman@aol.com,EMAIL
dowdy@yahoo.ca,EMAIL
jkegl@optonline.net,EMAIL
blixem@sbcglobal.net,EMAIL
mrsam@yahoo.ca,EMAIL
jgmyers@yahoo.ca,EMAIL
kosact@hotmail.com,EMAIL
mcrawfor@comcast.net,EMAIL
sabren@outlook.com,EMAIL
breegster@yahoo.com,EMAIL
formis@sbcglobal.net,EMAIL
zilla@comcast.net,EMAIL
mchugh@mac.com,EMAIL
stecoop@gmail.com,EMAIL
makarow@sbcglobal.net,EMAIL
malvar@comcast.net,EMAIL
stecoop@comcast.net,EMAIL
malvar@optonline.net,EMAIL
kohlis@hotmail.com,EMAIL
crypt@yahoo.com,EMAIL
dgriffith@live.com,EMAIL
bester@hotmail.com,EMAIL
jbryan@mac.com,EMAIL
ewaters@yahoo.ca,EMAIL
tromey@mac.com,EMAIL
jadavis@mac.com,EMAIL
inico@verizon.net,EMAIL
rupak@outlook.com,EMAIL
philb@me.com,EMAIL
jyoliver@hotmail.com,EMAIL
unreal@me.com,EMAIL
samavati@comcast.net,EMAIL
ahuillet@outlook.com,EMAIL
jorgb@gmail.com,EMAIL
kingjoshi@icloud.com,EMAIL
dbanarse@verizon.net,EMAIL
louise@sbcglobal.net,EMAIL
doche@mac.com,EMAIL
gtaylor@att.net,EMAIL
rddesign@icloud.com,EMAIL
valdez@yahoo.ca,EMAIL
gavinls@aol.com,EMAIL
ylchang@me.com,EMAIL
dmiller@live.com,EMAIL
fglock@outlook.com,EMAIL
glenz@sbcglobal.net,EMAIL
netsfr@outlook.com,EMAIL
rbarreira@comcast.net,EMAIL
naoya@icloud.com,EMAIL
cgarcia@hotmail.com,EMAIL
joglo@aol.com,EMAIL
parksh@comcast.net,EMAIL
ewaters@comcast.net,EMAIL
wayward@hotmail.com,EMAIL
falcao@hotmail.com,EMAIL
boser@gmail.com,EMAIL
thowell@icloud.com,EMAIL
boomzilla@comcast.net,EMAIL
quinn@outlook.com,EMAIL
rgarton@gmail.com,EMAIL
gboss@yahoo.ca,EMAIL
symbolic@msn.com,EMAIL
ehood@yahoo.ca,EMAIL
crobles@me.com,EMAIL
formis@comcast.net,EMAIL
adamk@sbcglobal.net,EMAIL
citadel@sbcglobal.net,EMAIL
sopwith@att.net,EMAIL
hutton@live.com,EMAIL
euice@outlook.com,EMAIL
phizntrg@hotmail.com,EMAIL
blixem@yahoo.ca,EMAIL
jaffe@icloud.com,EMAIL
richard@verizon.net,EMAIL
biglou@yahoo.com,EMAIL
jgmyers@mac.com,EMAIL
fluffy@mac.com,EMAIL
budinger@msn.com,EMAIL
boser@icloud.com,EMAIL
msroth@me.com,EMAIL
dmbkiwi@att.net,EMAIL
frikazoyd@yahoo.ca,EMAIL
tubajon@sbcglobal.net,EMAIL
bryam@msn.com,EMAIL
floxy@hotmail.com,EMAIL
wikinerd@outlook.com,EMAIL
srour@optonline.net,EMAIL
msroth@gmail.com,EMAIL
tangsh@me.com,EMAIL
linuxhack@live.com,EMAIL
gordonjcp@sbcglobal.net,EMAIL
jyoliver@live.com,EMAIL
mcnihil@me.com,EMAIL
corrada@yahoo.ca,EMAIL
vlefevre@yahoo.com,EMAIL
empathy@icloud.com,EMAIL
jfriedl@me.com,EMAIL
tjensen@gmail.com,EMAIL
stomv@att.net,EMAIL
bancboy@hotmail.com,EMAIL
leakin@att.net,EMAIL
jbuchana@yahoo.com,EMAIL
greear@yahoo.ca,EMAIL
calin@yahoo.com,EMAIL
policies@att.net,EMAIL
ateniese@aol.com,EMAIL
kdawson@live.com,EMAIL
ducasse@optonline.net,EMAIL
hikoza@optonline.net,EMAIL
helger@optonline.net,EMAIL
oracle@me.com,EMAIL
wonderkid@icloud.com,EMAIL
jesse@live.com,EMAIL
gslondon@me.com,EMAIL
doche@verizon.net,EMAIL
henkp@msn.com,EMAIL
jfinke@verizon.net,EMAIL
psharpe@sbcglobal.net,EMAIL
godeke@yahoo.com,EMAIL
scarolan@verizon.net,EMAIL
amcuri@hotmail.com,EMAIL
dsowsy@gmail.com,EMAIL
dgriffith@yahoo.ca,EMAIL
guialbu@sbcglobal.net,EMAIL
jaesenj@gmail.com,EMAIL
falcao@hotmail.com,EMAIL
jesse@outlook.com,EMAIL
mxiao@verizon.net,EMAIL
sinkou@yahoo.ca,EMAIL
gboss@mac.com,EMAIL
mccurley@att.net,EMAIL
drezet@verizon.net,EMAIL
sinclair@verizon.net,EMAIL
mrobshaw@yahoo.com,EMAIL
snunez@icloud.com,EMAIL
mjewell@yahoo.com,EMAIL
joehall@mac.com,EMAIL
andrei@yahoo.ca,EMAIL
bflong@outlook.com,EMAIL
kostas@yahoo.ca,EMAIL
sekiya@yahoo.ca,EMAIL
munge@outlook.com,EMAIL
dpitts@yahoo.ca,EMAIL
seebs@mac.com,EMAIL
wildfire@sbcglobal.net,EMAIL
mccurley@yahoo.com,EMAIL
uraeus@outlook.com,EMAIL
johndo@sbcglobal.net,EMAIL
miltchev@msn.com,EMAIL
gtaylor@aol.com,EMAIL
mddallara@yahoo.ca,EMAIL
jbryan@me.com,EMAIL
rande@sbcglobal.net,EMAIL
elflord@gmail.com,EMAIL
jemarch@aol.com,EMAIL
yfreund@yahoo.com,EMAIL
ramollin@sbcglobal.net,EMAIL
aibrahim@msn.com,EMAIL
gamma@optonline.net,EMAIL
matty@msn.com,EMAIL
budinger@icloud.com,EMAIL
tmccarth@comcast.net,EMAIL
cremonini@hotmail.com,EMAIL
madler@outlook.com,EMAIL
mobileip@aol.com,EMAIL
mhouston@yahoo.ca,EMAIL
dburrows@verizon.net,EMAIL
jdray@gmail.com,EMAIL
howler@sbcglobal.net,EMAIL
moonlapse@icloud.com,EMAIL
heine@hotmail.com,EMAIL
oechslin@mac.com,EMAIL
darin@hotmail.com,EMAIL
fmerges@att.net,EMAIL
alias@gmail.com,EMAIL
mahbub@mac.com,EMAIL
dsugal@att.net,EMAIL
telbij@yahoo.ca,EMAIL
joelw@icloud.com,EMAIL
bradl@live.com,EMAIL
dprice@optonline.net,EMAIL
phizntrg@hotmail.com,EMAIL
petersen@optonline.net,EMAIL
sopwith@yahoo.com,EMAIL
gtewari@gmail.com,EMAIL
wojciech@yahoo.com,EMAIL
aibrahim@icloud.com,EMAIL
ralamosm@att.net,EMAIL
mrsam@yahoo.ca,EMAIL
facet@me.com,EMAIL
osrin@aol.com,EMAIL
mxiao@live.com,EMAIL
papathan@comcast.net,EMAIL
tkrotchko@optonline.net,EMAIL
gavollink@aol.com,EMAIL
dburrows@comcast.net,EMAIL
jigsaw@yahoo.ca,EMAIL
report@comcast.net,EMAIL
rfoley@outlook.com,EMAIL
bcevc@sbcglobal.net,EMAIL
kwilliams@gmail.com,EMAIL
johnbob@live.com,EMAIL
uqmcolyv@comcast.net,EMAIL
syrinx@gmail.com,EMAIL
joehall@hotmail.com,EMAIL
smcnabb@aol.com,EMAIL
nimaclea@me.com,EMAIL
bryanw@comcast.net,EMAIL
tbusch@msn.com,EMAIL
aprakash@verizon.net,EMAIL
kaiser@comcast.net,EMAIL
jamuir@yahoo.com,EMAIL
thrymm@yahoo.com,EMAIL
citadel@sbcglobal.net,EMAIL
retoh@live.com,EMAIL
cameron@gmail.com,EMAIL
avalon@outlook.com,EMAIL
seebs@yahoo.com,EMAIL
benits@mac.com,EMAIL
kaiser@yahoo.com,EMAIL
djpig@hotmail.com,EMAIL
petersen@hotmail.com,EMAIL
policies@me.com,EMAIL
staffelb@icloud.com,EMAIL
psharpe@hotmail.com,EMAIL
north@comcast.net,EMAIL
mhoffman@outlook.com,EMAIL
jbuchana@yahoo.com,EMAIL
noodles@att.net,EMAIL
salesgeek@msn.com,EMAIL
marin@me.com,EMAIL
sonnen@yahoo.com,EMAIL
bmcmahon@gmail.com,EMAIL
bescoto@att.net,EMAIL
yumpy@optonline.net,EMAIL
geekgrl@mac.com,EMAIL
cmdrgravy@live.com,EMAIL
tattooman@icloud.com,EMAIL
miyop@icloud.com,EMAIL
redingtn@gmail.com,EMAIL
rjones@live.com,EMAIL
pierce@live.com,EMAIL
mrsam@hotmail.com,EMAIL
rattenbt@live.com,EMAIL
rfisher@hotmail.com,EMAIL
jemarch@hotmail.com,EMAIL
grinder@yahoo.ca,EMAIL
gospodin@hotmail.com,EMAIL
joehall@outlook.com,EMAIL
rohitm@verizon.net,EMAIL
reeds@att.net,EMAIL
msusa@yahoo.ca,EMAIL
portscan@live.com,EMAIL
meinkej@gmail.com,EMAIL
godeke@icloud.com,EMAIL
nasor@yahoo.ca,EMAIL
jmgomez@verizon.net,EMAIL
tmaek@me.com,EMAIL
sacraver@me.com,EMAIL
kramulous@yahoo.com,EMAIL
yxing@att.net,EMAIL
demmel@optonline.net,EMAIL
chunzi@optonline.net,EMAIL
sokol@msn.com,EMAIL
corrada@yahoo.ca,EMAIL
gomor@hotmail.com,EMAIL
jbarta@mac.com,EMAIL
chaikin@msn.com,EMAIL
ianbuck@hotmail.com,EMAIL
alastair@msn.com,EMAIL
citizenl@sbcglobal.net,EMAIL
crowl@live.com,EMAIL
fluffy@hotmail.com,EMAIL
satishr@msn.com,EMAIL
tubajon@hotmail.com,EMAIL
peoplesr@att.net,EMAIL
adhere@att.net,EMAIL
cmdrgravy@msn.com,EMAIL
isaacson@optonline.net,EMAIL
tmccarth@live.com,EMAIL
violinhi@verizon.net,EMAIL
dhwon@optonline.net,EMAIL
geekoid@att.net,EMAIL
tokuhirom@aol.com,EMAIL
brainless@hotmail.com,EMAIL
fairbank@icloud.com,EMAIL
dprice@sbcglobal.net,EMAIL
amichalo@outlook.com,EMAIL
parrt@hotmail.com,EMAIL
atmarks@verizon.net,EMAIL
mchugh@aol.com,EMAIL