owner,TITLE
manager,TITLE
president,TITLE
director,TITLE
ceo,TITLE
teacher,TITLE
project manager,TITLE
partner,TITLE
principal,TITLE
intern,TITLE
consultant,TITLE
vice president,TITLE
founder,TITLE
general manager,TITLE
student,TITLE
executive,TITLE
administrator,TITLE
sales manager,TITLE
administrative assistant,TITLE
account manager,TITLE
sales associate,TITLE
software engineer,TITLE
retired,TITLE
managing director,TITLE
assistant manager,TITLE
sales,TITLE
chairman,TITLE
coo,TITLE
board member,TITLE
office manager,TITLE
engineer,TITLE
associate,TITLE
supervisor,TITLE
accountant,TITLE
sales representative,TITLE
account executive,TITLE
operations manager,TITLE
chief executive,TITLE
customer service representative,TITLE
gerente,TITLE
executive director,TITLE
cashier,TITLE
realtor,TITLE
professor,TITLE
research assistant,TITLE
executive officer,TITLE
marketing manager,TITLE
business development manager,TITLE
software developer,TITLE
senior consultant,TITLE
sales executive,TITLE
chief executive officer,TITLE
executive assistant,TITLE
attorney,TITLE
registered nurse,TITLE
receptionist,TITLE
store manager,TITLE
member,TITLE
project engineer,TITLE
secretary,TITLE
graphic designer,TITLE
business analyst,TITLE
internship,TITLE
branch manager,TITLE
server,TITLE
analyst,TITLE
customer service,TITLE
senior software engineer,TITLE
principle,TITLE
lecturer,TITLE
designer,TITLE
product manager,TITLE
controller,TITLE
marketing,TITLE
team leader,TITLE
assistant,TITLE
trainee,TITLE
docente,TITLE
manager or supervisor,TITLE
assistant professor,TITLE
cfo,TITLE
marketing director,TITLE
business owner,TITLE
senior manager,TITLE
instructor,TITLE
sales assistant,TITLE
technician,TITLE
teaching assistant,TITLE
project coordinator,TITLE
program manager,TITLE
volunteer,TITLE
auxiliar administrativo,TITLE
sales consultant,TITLE
business manager,TITLE
rn,TITLE
financial analyst,TITLE
religious leader,TITLE
senior project manager,TITLE
production manager,TITLE
co-founder,TITLE
cto,TITLE
директор,TITLE
researcher,TITLE
web developer,TITLE
managing partner,TITLE
bartender,TITLE
photographer,TITLE
office assistant,TITLE
diretor,TITLE
summer intern,TITLE
senior associate,TITLE
self employed,TITLE
real estate agent,TITLE
finance manager,TITLE
regional sales manager,TITLE
chief financial officer,TITLE
waitress,TITLE
key account manager,TITLE
architect,TITLE
editor,TITLE
marketing intern,TITLE
propietario,TITLE
director of operations,TITLE
english teacher,TITLE
financial advisor,TITLE
driver,TITLE
recruiter,TITLE
human resources manager,TITLE
agent,TITLE
professora,TITLE
paralegal,TITLE
chief operating officer,TITLE
site manager,TITLE
barista,TITLE
associate professor,TITLE
mechanical engineer,TITLE
business development,TITLE
team lead,TITLE
legal assistant,TITLE
design engineer,TITLE
research associate,TITLE
marketing executive,TITLE
developer,TITLE
senior accountant,TITLE
senior engineer,TITLE
administrador,TITLE
marketing assistant,TITLE
nurse,TITLE
vendedor,TITLE
marketing coordinator,TITLE
hr manager,TITLE
system engineer,TITLE
programmer,TITLE
estagiário,TITLE
artist,TITLE
chef,TITLE
it manager,TITLE
administrativo,TITLE
buyer,TITLE
systems engineer,TITLE
senior vice president,TITLE
staff accountant,TITLE
area manager,TITLE
system administrator,TITLE
auditor,TITLE
full,TITLE
electrical engineer,TITLE
network engineer,TITLE
tutor,TITLE
substitute teacher,TITLE
md,TITLE
service manager,TITLE
charge,TITLE
clerk,TITLE
creative director,TITLE
assistente administrativo,TITLE
stagiaire,TITLE
sales engineer,TITLE
regional manager,TITLE
doctor,TITLE
senior account manager,TITLE
lawyer,TITLE
producer,TITLE
management trainee,TITLE
property manager,TITLE
phd student,TITLE
office administrator,TITLE
area sales manager,TITLE
treasurer,TITLE
pastor,TITLE
physician,TITLE
coordinator,TITLE
geschäftsführer,TITLE
art director,TITLE
sales director,TITLE
electrician,TITLE
information technology manager,TITLE
territory manager,TITLE
purchasing manager,TITLE
district manager,TITLE
educator,TITLE
senior account executive,TITLE
presidente,TITLE
human resources,TITLE
менеджер,TITLE
secretaria,TITLE
proprietário,TITLE
cook,TITLE
associate director,TITLE
none,TITLE
customer service manager,TITLE
pharmacist,TITLE
analista,TITLE
civil engineer,TITLE
bookkeeper,TITLE
officer,TITLE
writer,TITLE
process engineer,TITLE
senior management,TITLE
vendedora,TITLE
security officer,TITLE
gerente comercial,TITLE
hostess,TITLE
team member,TITLE
directeur,TITLE
co-owner,TITLE
trainer,TITLE
staff,TITLE
consultor,TITLE
accounting manager,TITLE
operator,TITLE
employee,TITLE
general/technical,TITLE
independent consultant,TITLE
director of sales,TITLE
superintendent,TITLE
graduate student,TITLE
adjunct professor,TITLE
recepcionista,TITLE
proprietor,TITLE
gerente general,TITLE
senior analyst,TITLE
it consultant,TITLE
finance executive,TITLE
profesor,TITLE
admin,TITLE
graduate research assistant,TITLE
relationship manager,TITLE
contractor,TITLE
personal assistant,TITLE
coach,TITLE
network administrator,TITLE
plant manager,TITLE
insurance agent,TITLE
counselor,TITLE
销售经理,TITLE
production assistant,TITLE
data analyst,TITLE
merchandiser,TITLE
medical assistant,TITLE
assistant director,TITLE
assistant store manager,TITLE
journalist,TITLE
lifeguard,TITLE
social worker,TITLE
freelancer,TITLE
crew member,TITLE
boss,TITLE
specialist,TITLE
financial controller,TITLE
advisor,TITLE
case manager,TITLE
program coordinator,TITLE
technical support,TITLE
estagiária,TITLE
broker,TITLE
engineering manager,TITLE
director of marketing,TITLE
technical manager,TITLE
business development executive,TITLE
law clerk,TITLE
it director,TITLE
personal trainer,TITLE
program director,TITLE
business consultant,TITLE
estudante,TITLE
management,TITLE
production supervisor,TITLE
student assistant,TITLE
hr,TITLE
empleado,TITLE
teller,TITLE
recruitment consultant,TITLE
associate consultant,TITLE
co founder,TITLE
advogado,TITLE
interior designer,TITLE
assistant vice president,TITLE
graduate assistant,TITLE
executive vice president,TITLE
pharmacy technician,TITLE
impiegato,TITLE
co owner,TITLE
police officer,TITLE
research intern,TITLE
reporter,TITLE
sales coordinator,TITLE
accounting,TITLE
vp,TITLE
web designer,TITLE
medical doctor,TITLE
waiter,TITLE
systems analyst,TITLE
research analyst,TITLE
marketing specialist,TITLE
entrepreneur,TITLE
sales rep,TITLE
mechanic,TITLE
deputy manager,TITLE
quality engineer,TITLE
truck driver,TITLE
quality manager,TITLE
comercial,TITLE
unemployed,TITLE
technical consultant,TITLE
operations supervisor,TITLE
it specialist,TITLE
operations,TITLE
senior business analyst,TITLE
human resources executive,TITLE
model,TITLE
legal intern,TITLE
captain,TITLE
special education teacher,TITLE
salesman,TITLE
principal consultant,TITLE
account director,TITLE
graduate teaching assistant,TITLE
administrativa,TITLE
owner/operator,TITLE
abogado,TITLE
freelance writer,TITLE
brand manager,TITLE
actor,TITLE
programmer analyst,TITLE
site engineer,TITLE
senior financial analyst,TITLE
gérant,TITLE
psychologist,TITLE
senior software developer,TITLE
system analyst,TITLE
shift supervisor,TITLE
personal banker,TITLE
contributor,TITLE
inside sales,TITLE
director of business development,TITLE
technical lead,TITLE
loan officer,TITLE
technical support engineer,TITLE
community manager,TITLE
research scientist,TITLE
faculty,TITLE
ceo & founder,TITLE
contador,TITLE
tecnico,TITLE
systems administrator,TITLE
assistant general manager,TITLE
proprietario,TITLE
legal secretary,TITLE
department manager,TITLE
test engineer,TITLE
gm,TITLE
business,TITLE
warehouse manager,TITLE
service engineer,TITLE
technical director,TITLE
manufacturing engineer,TITLE
resident assistant,TITLE
asistente administrativo,TITLE
accounting assistant,TITLE
machine operator,TITLE
shift manager,TITLE
socio,TITLE
profesora,TITLE
project assistant,TITLE
dentist,TITLE
california,TITLE
human resources benefits director,TITLE
scientist,TITLE
administration,TITLE
associate attorney,TITLE
mortgage broker,TITLE
finance,TITLE
estimator,TITLE
eigenaar,TITLE
titolare,TITLE
field engineer,TITLE
impiegata,TITLE
project leader,TITLE
hr executive,TITLE
analista de sistemas,TITLE
ventas,TITLE
information technology,TITLE
freelance,TITLE
administradora,TITLE
construction manager,TITLE
national sales manager,TITLE
bank teller,TITLE
inside sales representative,TITLE
marketing consultant,TITLE
engineering intern,TITLE
staff nurse,TITLE
caregiver,TITLE
product specialist,TITLE
internal auditor,TITLE
brand ambassador,TITLE
research fellow,TITLE
carpenter,TITLE
finance director,TITLE
assistant project manager,TITLE
translator,TITLE
event coordinator,TITLE
laborer,TITLE
comptable,TITLE
team manager,TITLE
adjunct faculty,TITLE
service technician,TITLE
logistics manager,TITLE
district sales manager,TITLE
physical therapist,TITLE
asst manager,TITLE
commercial manager,TITLE
director general,TITLE
propriétaire,TITLE
information technology director,TITLE
musician,TITLE
advogada,TITLE
purchasing agent,TITLE
chief technology officer,TITLE
customer service associate,TITLE
maintenance,TITLE
executive administrative assistant,TITLE
york,TITLE
sales and marketing manager,TITLE
security,TITLE
freelance graphic designer,TITLE
hr assistant,TITLE
médico,TITLE
foreman,TITLE
admin assistant,TITLE
customer service specialist,TITLE
laboratory technician,TITLE
restaurant manager,TITLE
staff member,TITLE
librarian,TITLE
medico,TITLE
генеральный директор,TITLE
flight attendant,TITLE
national account manager,TITLE
senior designer,TITLE
técnico,TITLE
adjunct instructor,TITLE
production engineer,TITLE
human resources assistant,TITLE
undergraduate research assistant,TITLE
management consultant,TITLE
credit analyst,TITLE
commercial,TITLE
school staff,TITLE
delivery driver,TITLE
sales advisor,TITLE
assistant principal,TITLE
representante comercial,TITLE
author,TITLE
executive chef,TITLE
pilot,TITLE
project director,TITLE
инженер,TITLE
chief engineer,TITLE
dispatcher,TITLE
technical recruiter,TITLE
maintenance manager,TITLE
бухгалтер,TITLE
客户经理,TITLE
nanny,TITLE
quality assurance,TITLE
event manager,TITLE
purchasing,TITLE
senior auditor,TITLE
webmaster,TITLE
project lead,TITLE
chef de projet,TITLE
director of human resources,TITLE
estudiante,TITLE
social media manager,TITLE
territory sales manager,TITLE
accounts payable,TITLE
业务经理,TITLE
real estate broker,TITLE
customer service rep,TITLE
application engineer,TITLE
sous chef,TITLE
sales specialist,TITLE
stylist,TITLE
senior developer,TITLE
assistant accountant,TITLE
sales agent,TITLE
executive secretary,TITLE
advisory board member,TITLE
financial consultant,TITLE
senior systems engineer,TITLE
field service engineer,TITLE
个体经营,TITLE
phd candidate,TITLE
java developer,TITLE
postdoctoral fellow,TITLE
accounting clerk,TITLE
planner,TITLE
operations director,TITLE
maintenance supervisor,TITLE
independent contractor,TITLE
attorney at law,TITLE
inspector,TITLE
chief information officer,TITLE
human resources generalist,TITLE
end developer,TITLE
sr software engineer,TITLE
asistente,TITLE
president and chief executive officer,TITLE
homemaker,TITLE
fellow,TITLE
camp counselor,TITLE
it analyst,TITLE
user interface,TITLE
gerente administrativo,TITLE
banker,TITLE
development manager,TITLE
student worker,TITLE
doctor of medicine,TITLE
account representative,TITLE
front desk receptionist,TITLE
teacher assistant,TITLE
directora,TITLE
underwriter,TITLE
summer associate,TITLE
qa engineer,TITLE
emergency,TITLE
facilities manager,TITLE
quality assurance manager,TITLE
line cook,TITLE
principal engineer,TITLE
account coordinator,TITLE
host,TITLE
application developer,TITLE
empresario,TITLE
program assistant,TITLE
руководитель,TITLE
operation manager,TITLE
maintenance technician,TITLE
database administrator,TITLE
logistics coordinator,TITLE
项目经理,TITLE
copywriter,TITLE
hr generalist,TITLE
regional director,TITLE
representative,TITLE
student intern,TITLE
production coordinator,TITLE
worker,TITLE
training manager,TITLE
independent distributor,TITLE
customer service supervisor,TITLE
senior executive,TITLE
sergeant,TITLE
marketing associate,TITLE
independent business owner,TITLE
economist,TITLE
director of finance,TITLE
hr business partner,TITLE
portfolio manager,TITLE
it project manager,TITLE
owner-operator,TITLE
technical specialist,TITLE
firefighter,TITLE
senior project engineer,TITLE
summer internship,TITLE
accounts assistant,TITLE
computer operator,TITLE
postdoctoral researcher,TITLE
welder,TITLE
sales supervisor,TITLE
founder & ceo,TITLE
jefe,TITLE
audit manager,TITLE
senior lecturer,TITLE
freelance photographer,TITLE
hr specialist,TITLE
solicitor,TITLE
customer service agent,TITLE
chemist,TITLE
retraité,TITLE
inhaber,TITLE
promoter,TITLE
deputy director,TITLE
vice president of operations,TITLE
comerciante,TITLE
asesor,TITLE
computer technician,TITLE
front desk,TITLE
product engineer,TITLE
corporate secretary,TITLE
medical representative,TITLE
public relations intern,TITLE
communications manager,TITLE
occupational therapist,TITLE
skills,TITLE
trustee,TITLE
quality control,TITLE
senior director,TITLE
human resources director,TITLE
travel consultant,TITLE
senior product manager,TITLE
hair stylist,TITLE
science teacher,TITLE
call,TITLE
coordenador de,TITLE
hr consultant,TITLE
it technician,TITLE
data entry,TITLE
front desk agent,TITLE
student ambassador,TITLE
abogada,TITLE
assistant controller,TITLE
自由职业,TITLE
maintenance engineer,TITLE
associate software engineer,TITLE
administrative officer,TITLE
arquitecto,TITLE
coordenador,TITLE
human resources coordinator,TITLE
gerant,TITLE
senior sales executive,TITLE
dental assistant,TITLE
supply chain manager,TITLE
administrative coordinator,TITLE
apprentice,TITLE
senior buyer,TITLE
security guard,TITLE
massage therapist,TITLE
accounts manager,TITLE
avvocato,TITLE
blogger,TITLE
service advisor,TITLE
housekeeper,TITLE
technical writer,TITLE
nurse practitioner,TITLE
general counsel,TITLE
lead engineer,TITLE
motorista,TITLE
mentor,TITLE
practice manager,TITLE
front office manager,TITLE
engenheiro,TITLE
certified nursing assistant,TITLE
therapist,TITLE
atendente,TITLE
project officer,TITLE
assistante de direction,TITLE
software test engineer,TITLE
chef d'entreprise,TITLE
senior graphic designer,TITLE
managing editor,TITLE
comprador,TITLE
associate manager,TITLE
publisher,TITLE
empleada,TITLE
accounting intern,TITLE
warehouse worker,TITLE
stage,TITLE
programador,TITLE
director of development,TITLE
human resource manager,TITLE
trader,TITLE
human resources specialist,TITLE
insegnante,TITLE
psicóloga,TITLE
assistant engineer,TITLE
sócio,TITLE
dueño,TITLE
commercial director,TITLE
operations executive,TITLE
housewife,TITLE
lean,TITLE
vice president of sales,TITLE
operations coordinator,TITLE
technical support specialist,TITLE
start,TITLE
副总经理,TITLE
advocate,TITLE
structural engineer,TITLE
director of sales and marketing,TITLE
asesor comercial,TITLE
president & ceo,TITLE
financial manager,TITLE
financial accountant,TITLE
freelance designer,TITLE
logistics,TITLE
research engineer,TITLE
shop assistant,TITLE
senior scientist,TITLE
sócio proprietário,TITLE
quantity surveyor,TITLE
director comercial,TITLE
information technology specialist,TITLE
assistant branch manager,TITLE
gerente de ventas,TITLE
country manager,TITLE
export manager,TITLE
owner operator,TITLE
gerente de vendas,TITLE
financial representative,TITLE
hr officer,TITLE
senior sales manager,TITLE
consultora,TITLE
founder and ceo,TITLE
operaio,TITLE
head coach,TITLE
secretária,TITLE
staff engineer,TITLE
senior system engineer,TITLE
менеджер по продажам,TITLE
credit manager,TITLE
medical director,TITLE
production,TITLE
painter,TITLE
business development director,TITLE
encargado,TITLE
diretora,TITLE
président,TITLE
independiente,TITLE
empresas,TITLE
salesperson,TITLE
warehouse supervisor,TITLE
procurement manager,TITLE
administratief medewerker,TITLE
investigator,TITLE
chief marketing officer,TITLE
technicien,TITLE
public relations,TITLE
quality assurance engineer,TITLE
tax manager,TITLE
tech,TITLE
senior advisor,TITLE
software development engineer,TITLE
executive producer,TITLE
solutions architect,TITLE
visual merchandiser,TITLE
audit senior,TITLE
auxiliar,TITLE
kindergarten teacher,TITLE
project administrator,TITLE
fisioterapeuta,TITLE
customer service officer,TITLE
quality analyst,TITLE
autonomo,TITLE
legal counsel,TITLE
field service technician,TITLE
surveyor,TITLE
finance intern,TITLE
proprietário(a),TITLE
facilities/plant director,TITLE
hr coordinator,TITLE
paraprofessional,TITLE
office coordinator,TITLE
licensed realtor,TITLE
business developer,TITLE
staff writer,TITLE
главный бухгалтер,TITLE
sales support,TITLE
directeur général,TITLE
assistant teacher,TITLE
professeur,TITLE
engineering technician,TITLE
broker associate,TITLE
tour guide,TITLE
president/ceo,TITLE
board of directors,TITLE
assistante commerciale,TITLE
assistente,TITLE
ejecutivo de ventas,TITLE
lab technician,TITLE
contadora,TITLE
positions,TITLE
support engineer,TITLE
site supervisor,TITLE
retail sales associate,TITLE
chief accountant,TITLE
account supervisor,TITLE
vendas,TITLE
operations analyst,TITLE
administrative manager,TITLE
it support,TITLE
ingeniero,TITLE
quality assurance analyst,TITLE
data scientist,TITLE
work experience,TITLE
stagiair,TITLE
technical assistant,TITLE
physician assistant,TITLE
sales administrator,TITLE
enfermera,TITLE
nutricionista,TITLE
enseignant,TITLE
self-employed,TITLE
board of trustees member,TITLE
math teacher,TITLE
junior engineer,TITLE
sales and marketing,TITLE
engineering,TITLE
consultor de vendas,TITLE
management accountant,TITLE
training coordinator,TITLE
paramedic,TITLE
student teacher,TITLE
cleaner,TITLE
self,TITLE
учитель,TITLE
service delivery manager,TITLE
chairman of the board,TITLE
distributor,TITLE
sr project manager,TITLE
retail manager,TITLE
teaching,TITLE
psicologa,TITLE
technical analyst,TITLE
mechanical design engineer,TITLE
safety officer,TITLE
enfermeira,TITLE
accounts payable specialist,TITLE
director of engineering,TITLE
coordinador,TITLE
finance officer,TITLE
deputy general manager,TITLE
service coordinator,TITLE
customer service advisor,TITLE
it engineer,TITLE
associate broker,TITLE
junior consultant,TITLE
managing consultant,TITLE
communications specialist,TITLE
physiotherapist,TITLE
praktikant,TITLE
farmer,TITLE
library assistant,TITLE
music teacher,TITLE
facility manager,TITLE
various,TITLE
cajera,TITLE
laboratory assistant,TITLE
vendeuse,TITLE
director of information technology,TITLE
compliance officer,TITLE
contracts manager,TITLE
founding partner,TITLE
digital marketing manager,TITLE
undergraduate researcher,TITLE
operations specialist,TITLE
duty manager,TITLE
custodian,TITLE
client services manager,TITLE
pasante,TITLE
outside sales representative,TITLE
sr manager,TITLE
machinist,TITLE
private tutor,TITLE
sales officer,TITLE
workforce,TITLE
imprenditore,TITLE
graphic artist,TITLE
field technician,TITLE
graphic design intern,TITLE
unternehmensinhaber,TITLE
outros,TITLE
maestra,TITLE
preschool teacher,TITLE
travel agent,TITLE
management assistant,TITLE
senior program manager,TITLE
senior,TITLE
senior recruiter,TITLE
ambassador,TITLE
managing member,TITLE
solution architect,TITLE
editor in chief,TITLE
software architect,TITLE
diretor comercial,TITLE
audit associate,TITLE
marketing analyst,TITLE
geologist,TITLE
senior network engineer,TITLE
engenheiro civil,TITLE
project architect,TITLE
contract manager,TITLE
human resources intern,TITLE
president chief executive officer,TITLE
auxiliar de escritório,TITLE
vice president operations,TITLE
ambiental,TITLE
cio,TITLE
service,TITLE
crew,TITLE
design intern,TITLE
accounts,TITLE
company director,TITLE
industrial engineer,TITLE
counsel,TITLE
assistant editor,TITLE
associate producer,TITLE
financial planner,TITLE
analista de recursos humanos,TITLE
hr administrator,TITLE
specialized medical practice,TITLE
concierge,TITLE
customer service assistant,TITLE
secrétaire,TITLE
shift leader,TITLE
projektleiter,TITLE
outside sales,TITLE
sales account manager,TITLE
mortgage loan officer,TITLE
art teacher,TITLE
administrative secretary,TITLE
it administrator,TITLE
analista de suporte,TITLE
audit assistant,TITLE
öğretmen,TITLE
chef de partie,TITLE
school counselor,TITLE
dependienta,TITLE
san francisco,TITLE
editorial intern,TITLE
diseñador gráfico,TITLE
mathematics teacher,TITLE
parts manager,TITLE
video editor,TITLE
category manager,TITLE
r&d engineer,TITLE
group leader,TITLE
senior design engineer,TITLE
pair,TITLE
auxiliar contable,TITLE
assistant coach,TITLE
regional vice president,TITLE
enseignante,TITLE
freelance translator,TITLE
operador,TITLE
operations assistant,TITLE
bar manager,TITLE
senior administrative assistant,TITLE
fresher,TITLE
junior accountant,TITLE
program analyst,TITLE
speech language pathologist,TITLE
chair,TITLE
pharmacy intern,TITLE
office clerk,TITLE
vice-president,TITLE
general sales manager,TITLE
php developer,TITLE
vice president sales,TITLE
payroll specialist,TITLE
development engineer,TITLE
contract administrator,TITLE
senior pastor,TITLE
lab assistant,TITLE
baker,TITLE
marketing officer,TITLE
architetto,TITLE
technical project manager,TITLE
communications intern,TITLE
accounts executive,TITLE
regional account manager,TITLE
assistente comercial,TITLE
head chef,TITLE
accounts receivable,TITLE
analyst programmer,TITLE
product marketing manager,TITLE
supervisora,TITLE
business development consultant,TITLE
commerciale,TITLE
sales & marketing manager,TITLE
assistant sales manager,TITLE
registrar,TITLE
geometra,TITLE
owner/manager,TITLE
lieutenant,TITLE
unit manager,TITLE
clinical research associate,TITLE
senior sales representative,TITLE
assistant property manager,TITLE